Block,Date,Address,Value_BTC,Script_Type,PubKey
9000,2009-03-28,1DwF3Coej43XpbNYaiG1EzVaoaCbEaF4yA,50.0,p2pk,045a6e07b7e579fd850014fd2bd27fbf...
9001,2009-03-28,159ZChejpYCUU4SfnsGiZKhuPps3WdJKhr,50.0,p2pk,04f5e19a96503fa6bf506f95ce070112...
9002,2009-03-28,1LpY2WycyiTkQ97uMoVduhVUbXqvBzkgGi,50.0,p2pk,04da4e817c847f2163ffe9c3803fae2e...
9003,2009-03-28,15purhcWUcaw8owU3iLVe2WkY1fjP2wufU,50.0,p2pk,041640c3beeffb9dc734bfe84aa27b71...
9004,2009-03-28,1PoLUujkPPRSEvpbFiZQpQFip7nXdibhp5,50.0,p2pk,0478a0e0934e2cabbee5e82d782c5041...
9005,2009-03-28,1FYpVLQkD9e8VB1xghFQoQQHmUcswp1nET,50.0,p2pk,04bff8529f97613d58a090a913c48f75...
9006,2009-03-28,1BZ3hG8kPc8Em3AAR8d7MaEYzSCcvD1HVX,50.0,p2pk,04126b0fadf7ae19a3c6422fc6daef20...
9007,2009-03-28,1AZdrS4p8daM5ajCw9zXkVxTvJ8MLshqbM,50.0,p2pk,04c006733ca58bc6885e51f11eeedf8c...
9008,2009-03-28,1DfWEFi16Dm1XMvHM1d2mnEZ82WwxjxgkS,50.0,p2pk,048a1d8ce3568307d348095e3a8213a5...
9009,2009-03-28,14JZbS6RoqKRyJfDDwq1PzB4qrD1f9ACVQ,50.0,p2pk,04915b2d262f63fb190407f171c056c6...
9010,2009-03-28,12SqHFsNxhogWGfjHCy75Xp5fM6cZ75DuS,50.0,p2pk,04214f6ca3530871bcd6d2ed21462cd4...
9011,2009-03-28,16ZK5ZAXfVdPXm7x1McK6wFT9b1YRcr7yY,50.0,p2pk,044bb17789402a538ba3ea9fde74487f...
9012,2009-03-28,1GS1ZSYxSjiejTZKZPzECG7wLTTD7AATQ8,50.0,p2pk,04895f30a60bfa3d251a2c6c88edf028...
9013,2009-03-28,1FzbKyVGZrFJpn68tDczbJQoJ3ankAxMRF,50.0,p2pk,043995c93d857aef4f96df20b8fa3ef3...
9014,2009-03-28,1DHKfNGZK3A8LUZxps4FqxXuwaYaNwwufB,50.0,p2pk,04cb529e83b66d31c7173d2aa9693ffa...
9015,2009-03-28,1N8TNeX4KpT5rMUiMJGCyJfZyEuK7o6CEJ,50.0,p2pk,046279d4ef1d22fc2b821a503fec5701...
9016,2009-03-28,1PyV4VR6eJrAmeH5zTwMMZj4hVAwRtfm3D,50.0,p2pk,0456fec64ca76fb6d538fa31475d1215...
9017,2009-03-28,15xc5vSSPFzKawKuEPZuNb4a65ZM8M3NUZ,50.0,p2pk,04e425a2f59e733df1ac8a39a94b9f7c...
9018,2009-03-28,13bPFDouQ1RikATbYLNRQQ1BFiWPEePBub,50.0,p2pk,04e54874a08c4a5d536af4caac4a9a5f...
9019,2009-03-28,152G72VKB7xdWw536WymocuzbabeEaGzBM,50.0,p2pk,04b34d7dabd3fe3fa2840758267a1c4f...
9020,2009-03-28,1Gw7xwf8YMosNAHdk4HZKpEuTQY3oMgaJX,50.0,p2pk,0451a7e384d21a8fa115162827c1eb7d...
9021,2009-03-28,13tQZy3QNrDQ7D4wQ1HE2B5iyUgy7CCcXD,50.0,p2pk,04544f7e32ac6cc4910b169a65f8384d...
9022,2009-03-28,1N8k1j1aytdYbvnojQPuo6ND6qpdFRZofx,50.0,p2pk,0438cb596b4a66c3fda2f54c5ad547d0...
9023,2009-03-28,12uFjrF86azMcDZAjCthTtY84opNQBn6Y6,50.0,p2pk,044208057942bbffa5501f8987b71132...
9024,2009-03-28,149PvvKwD51FozWL6WiFqiduBHQRZpYJLp,50.0,p2pk,04baf7015e2bab99a1ccfcb5bbabe0cf...
9025,2009-03-28,1Gd3vTNrfsWEp41p7pAzSgjPmwWaQWztxW,50.0,p2pk,04ebab6efa191310b8c09d34be4a1d34...
9026,2009-03-28,1mxUZmGj54cFwx2P7sQdmx1YfLJAQpS5Y,50.0,p2pk,04741d63dccd4e4325f1c468c976fca6...
9027,2009-03-28,1ArFSEaYnzDMNp1P2Foe9xQqJ7EbM85Lif,50.0,p2pk,0457aeb9ca1188b20154168c68f0fec5...
9028,2009-03-28,1LWBRFVo6xZkN4gfkg3RuzDTxXE3zfkQws,50.0,p2pk,045d47d7c1121de7b668348e9bb58f06...
9029,2009-03-28,1L8y5f4BRt1B7pnYtDuLHgA4z7vKdExUhn,50.0,p2pk,04dd308b5acc302b38abed31095a14cc...
9030,2009-03-28,1p95tX9e5VuCE2AGXGeyXJB8deCfZn56g,50.0,p2pk,04b7482c3b2d65d4fc8daa26cbd4d543...
9031,2009-03-28,1A2h388YtMZwhAcmBKToY9nfkAiLp7s2sB,50.0,p2pk,04bc9ff93ce6b58df4b0d39f0437587f...
9032,2009-03-28,193nwf64dHPC893Dv3ZyRfZFvcxKGQvedx,50.0,p2pk,04826c3962ae9ed112e84dca331bb969...
9033,2009-03-28,1AWtDUvH12JvR4nfX7hhfejSoKLJkmBzH7,50.0,p2pk,047aea5dddf7d842401c38af87546942...
9034,2009-03-28,1KsDzbW5GoKtnX7nujwsxY4BrnDbPuSEzi,50.0,p2pk,04852b38a41cb6a97816e75674b8240f...
9035,2009-03-28,19gsJWe6GwvuXGPQBYND5vkH5XWu9c8fKZ,50.0,p2pk,0452322b4fe6feaab6823b6f1dc49e45...
9036,2009-03-28,15Xqqwv45BZYXYoe855rtpa7MNgEKin6mi,50.0,p2pk,047cea9b5cdd6ac3961f21925023c94e...
9037,2009-03-28,19h24CFTXCB14K2npRKZCqL4UMiiCLAV27,50.0,p2pk,047e4e25bb1db104bc4330fd8a9da0e5...
9038,2009-03-28,1FLLtCveUBbk41xDqDSTCmuhFUyNAq9Sbd,50.0,p2pk,04000ed8229b6fc925fe164bd5be916e...
9039,2009-03-28,1DxyS3wxmSnybgey8UAw2awoGhTy2qxjA,50.0,p2pk,0464e745de94c299d224259b1dbdaeec...
9040,2009-03-28,1MgGNnxNoWAKx24sZhT1ujzRc3VHD8JorH,50.0,p2pk,047c697cc3876391ee20bccc236376e3...
9041,2009-03-28,1Bhe61dqma1V7QKG9rkdDk1uHqjHrjGMNw,50.0,p2pk,045c7cb198cde500ef63a8f634f708fe...
9042,2009-03-28,19YdCbsRUPLzuetmVLqJXnHoH5izyt1js1,50.0,p2pk,043164f9a560f5891991927373f6d797...
9043,2009-03-28,1KcKxkG3XWnxyLzLAE1cf7XFWFEM3o9tYS,50.0,p2pk,040612b82c3288dd732b05cae0717243...
9044,2009-03-29,16bYW9VEq8KFyEN9WrxgmMPzbeoE4qrMSF,50.0,p2pk,0446a1f2fa4e41759dc3c31357b9684c...
9045,2009-03-29,1E2rgXxYzi94p5ZfiXoyxK7s8Honu7YyvZ,50.0,p2pk,04b83ca7c7468e13a031105230ad2a1d...
9046,2009-03-29,1LveFdRsXCp19suEUQqckumC6mF2CQJDCw,50.0,p2pk,045d89af662198abcdb23b16a1185e7e...
9047,2009-03-29,1PqQSRk3HbYQ52ms6BetsdgNUXQcMScbSF,50.0,p2pk,04031832646008e3f8906392956bdcd3...
9048,2009-03-29,19UiVdL8HDcGhd4J6GPY4czwRYQcVkHbdY,50.0,p2pk,04edb2f920b9bc1a98f3c8c22fc95822...
9049,2009-03-29,13WTczjVZL1hzi8SppfQuwhLdZA5y6ACAq,50.0,p2pk,04cfed3b08f1ea9dcd00d5a41746cb6b...
9050,2009-03-29,12kqoqWRuTMFFGDVYJFdCWYioCa8rRV79T,50.0,p2pk,0414fd05900aac5e649bf526cf428183...
9051,2009-03-29,1D93rLtiw5EWVBm6mm6r7jXyrsbiv1g97h,50.0,p2pk,04b00c7ea254871b3b9459187c9048ff...
9052,2009-03-29,1HL9dZizYyeSASmFaq7QWUk6BKFBrsAESC,50.0,p2pk,04d89c5caf24afb1d0f96581cb7e945d...
9053,2009-03-29,1K3qogsrUCkWSK4ULzDinS3mtf4AwkqXZM,50.0,p2pk,04fabbe9ed70de4911fa6ee18571cc92...
9054,2009-03-29,1Ld1MHf6165qmZmQggUFLsFkND42UHGPsB,50.0,p2pk,046859eda1841bdb2c623aedb64138ef...
9055,2009-03-29,1NkYcrhuxFCGH599VBzXfvu8iPi2oJLF38,50.0,p2pk,042533ee547f10df6bb4e2d091d8a2b2...
9056,2009-03-29,153bK3wKzff9Qf8UswE3wzPNdbGhQYizJf,50.0,p2pk,04b5ab9f588d0c4b8093b9d4c4228fb5...
9057,2009-03-29,1FdFExKXeAeAFZeKPUrKZENWXezx8dmiUA,50.0,p2pk,04c6baaf6075a991a570f002ec275f0a...
9058,2009-03-29,1MorfbLwZku3RNGerQ71Fu5HN2WkoBJ1sg,50.0,p2pk,044c65399eecc0d91ef9251ba564b39e...
9059,2009-03-29,14QJMepP6NAtKYDUGYHXncrYy1xWyy9bHf,50.0,p2pk,04a2cdbb9819189cc95739a7f7769143...
9060,2009-03-29,1DwV969FbHcsTPbKjzGH3fAUVCN3x43kTG,50.0,p2pk,04a079dda84a8fbb71cb0ca035276eef...
9061,2009-03-29,1DjrrcKqM445M5gJpPJMs2QzwTGvdgtXR6,50.0,p2pk,048ad6656f8e2ce31d96391cc45ae63b...
9062,2009-03-29,1E4ad5bA8HgbqxsPYpmDtVRNBRF2XfqTns,50.0,p2pk,04905dd134b74709bccad2d90a2aa563...
9063,2009-03-29,1PkPh2h3vnCPWCeCxUNyJy63X4A54kwixE,50.0,p2pk,04643067fa1dbfb8e95af5c970499909...
9064,2009-03-29,15Vs9xBquXH341E1ZGkYKyLew6nCtqsAzy,50.0,p2pk,0419fa7ea16b1e08960346c547eb7c33...
9065,2009-03-29,1J59Dqo4VRXUjJpDLdkrTPFELHKWAqP9N7,50.0,p2pk,041aea24dffe56dc3d62fc6238d4b720...
9066,2009-03-29,19yn69LY8ScQAMEJoeyEWiK9Ewb3J9HRRf,50.0,p2pk,04de59bbf4ed0fdcfab1868af8923b76...
9067,2009-03-29,15dFRk33RLTXuj3AiH45s4Bs42Y6CLWDpv,50.0,p2pk,04eae3d26e732759775df2bd9e995793...
9068,2009-03-29,1MMt75mHpJA1UFWe7Vb456hbyMtp1Eyjct,50.0,p2pk,04c50710f73028c322a794361d504431...
9069,2009-03-29,16EvA4rVTLRvyRdNkdXwaMahPvoBCF3kMK,50.0,p2pk,044520e87a8acd70fc852119aa5d29cb...
9070,2009-03-29,1C6aSnyTBwAiJoeTSZgJXGDrUDaZfAC3rn,50.0,p2pk,045a632123bb03a3becd095bc9e822df...
9071,2009-03-29,1GnxBvuE9xJSjfFFqEN2ATwkY3ttjsFqKT,50.0,p2pk,042d930f18478b7ffcfe5fd30e9a724a...
9072,2009-03-29,1K7ggDpJm5JHJAQXY5bh69wGb9gUxbDajD,50.0,p2pk,0471bf485274f420ead31c80140ea874...
9073,2009-03-29,1HPzPWZiiPEXteRMmVgTQ8ejqmBAB33Y4t,50.0,p2pk,047b9f835b4bf9df6ccfd790a558354f...
9074,2009-03-29,1D7fsVo7EeqLSUZ1XBUqbziopxsbBQdjvB,50.0,p2pk,04e3da4f7f55f15fac1acbc99e7d3ffc...
9075,2009-03-29,152zw6A3915bLE3tBbEHf9XDFqpxNCQLfi,50.0,p2pk,04eff7a7c209219721a6ed72132a6356...
9076,2009-03-29,15xQBFKkUJho1t98xrJbob4syzuBkN7MkU,50.0,p2pk,04e0c920479b2413fa535a2ab2eb0dc4...
9077,2009-03-29,1ErtHshiJuSxHGrtb4CiqS2HZBSyB2PUW7,50.0,p2pk,0430e947864928d5a17a8ca92c4f1d4e...
9078,2009-03-29,16p1vmYdMwJtscMatsbUNdDm6rqKX37frW,50.0,p2pk,04a1e40f88f897dab15756736325c99f...
9079,2009-03-29,1Fm7PzF5A2HvLVEfgTF5TVD8zzGSPkaaVk,50.0,p2pk,044b99d705f62696fed1c96ee32bb1b5...
9080,2009-03-29,1JJkpLFA8u6K5dkfWhTqFPfS1Ur3ZrcXZ8,50.0,p2pk,04ea15d77f35d61ce7174f4e837c3a1c...
9081,2009-03-29,1FHD2nHpZZHFLrdtdHiwdX9KysmYASCk6e,50.0,p2pk,045907f019b179aa3206adc53d6bf3f4...
9082,2009-03-29,1J7EmsFPzhQiNFMuo64uCjZiTwyvweeeM,50.0,p2pk,040d3c41de00c2828ae2477e8cf5d293...
9083,2009-03-29,1GvDWiFTdozcdas1F4t2woswfwpNis968f,50.0,p2pk,040f74b6114b2e32058b9f2002094816...
9084,2009-03-29,1G149M5WVMTo3y9rKQ5EaQ3SUmbnP94jYq,50.0,p2pk,045353d5bd04fd5799a49a61b12d487b...
9085,2009-03-29,18P9my3MupwGs32zAdp52T1d5si8ovakaV,50.0,p2pk,04e1dfb0293ee8dbea58bd1fa03eb08e...
9086,2009-03-29,1PU3RzSzazQ6TktXg7Q2Pf5aZTcfD9rR5X,50.0,p2pk,04035a3e06faaafc4050072cf64adeae...
9087,2009-03-29,13fK3ryFrDuQW2Rq5HqKofTNZL8Bueuc26,50.0,p2pk,0420c5401f9e5df90ed31007a03892a2...
9088,2009-03-29,197ifYshqk6mfvNEqXyic918ZtbHEGF3gC,50.0,p2pk,04bf0aa9b11c51475e1d44c43308b1f9...
9089,2009-03-29,1BPxct1EMYqXGbDTXd2Mz63d6o7zMYmE7b,50.0,p2pk,04f53a528270d46bd00ff10918d8c3d8...
9090,2009-03-29,1FNVpwCfuWs9sAaUv86w2rebTXJo1ipJrQ,50.0,p2pk,0479420023e7ea3d0fe325da80165829...
9091,2009-03-29,1GsA8fMqX7AcXuXjvmyMMDBHEWXHwD5yfQ,50.0,p2pk,04fb94f21730c92fcae2cbcbf13b91f5...
9092,2009-03-29,19hc7KeBQYvg4nYKVgPjRwCVgvMtT1FC7f,50.0,p2pk,04175133db1283104ba5b52095d5908b...
9093,2009-03-29,1GxvrVsGgWAc6vsiL9jmSYfJoqZm281ubN,50.0,p2pk,04fff329d6dc142c226454efa0339e51...
9094,2009-03-29,1FVKje4YgMGhZRA8siBAeHYdikkfzoF4iS,50.0,p2pk,040241a49e64a361a1d4151e906e544a...
9095,2009-03-29,1GV4yihEsUv6UVjRXMG15mGr23T1zzkKhh,50.0,p2pk,04124b61c3f1d42f6121049a7e90cf4f...
9096,2009-03-29,1Dx2x45LpNVHJ61exUyWYQ6jCbcHNWgJoC,50.0,p2pk,04be02a5dd6da8aab49b21f6c0f07144...
9097,2009-03-29,1PV4fW4iirmivizKMCPvVVw9hV5JnVvJX5,50.0,p2pk,04b7ecbe081cf25b9da89c971312b9c1...
9098,2009-03-29,18gjzg6ZN1MLgFsLY7kjhqzjaU7yFuhyf8,50.0,p2pk,041d3698fcc0aa7188ebadd7c73ed54e...
9099,2009-03-29,1Gax7d4S7XuSPGb3uVf2dc37TG9ndyzHre,50.0,p2pk,046df30c5c43e1cb45fc3dab26af1bbe...
9100,2009-03-29,1HGNdq7uqKkdLRRxHmeBJf4JzYwhoYpq3m,50.0,p2pk,04fb1684469cbffffefc4fbe937ca834...
9101,2009-03-29,16SB1zSxFaJenrvrxngsUmVS1RrJecA7Zc,50.0,p2pk,041c4c363ccd9ec877e45f11db5d5c1f...
9102,2009-03-29,1Arwxm27AHyCoX9s7eCE7ZwkAjrqTjCAy9,50.0,p2pk,046db80b5e56a7a3d10118f751128c9a...
9103,2009-03-29,18sSC11eEPUyePMvcQFroVkmqwY2vhjDu8,50.0,p2pk,0448b87adb81437a43b44854d2987827...
9104,2009-03-29,1KZ9WXPRx87kgL5U2Qu53LXur5ow86x785,50.0,p2pk,0440c8462f226dee5bb3488aa57e0e4d...
9105,2009-03-29,1Doyw1YfkETtBxNXXUy9B9K86rTmwBbKfG,50.0,p2pk,041c2ad2940be197dec71c500f28582f...
9106,2009-03-29,19Pp9KeE7L71rxNeu3JjsRrP8yFNHkF7ri,50.0,p2pk,04c9e492840b4a80c1c300438a5eb001...
9107,2009-03-29,17xQ1oXzo543mgp2Vb44nevthzHv5qVHUt,50.0,p2pk,0427e6439124073672c228735f116a16...
9108,2009-03-29,1GnxgKBb9RvC1oiAQDeDSUm3Km4tc46qRx,50.0,p2pk,040102ec9257dbb176ccddb366cf5226...
9109,2009-03-29,16aRaEcAwwTmvdCXY9HGvZt6q4snapbn8y,50.0,p2pk,047ad939c36449830c1787160f7fb34a...
9110,2009-03-29,1E5LiX1BV8xJwiQtqFSHoLmoTkz7voJ7CP,50.0,p2pk,04cbb4c7b709bc55479c644a4fd13e59...
9111,2009-03-29,15LeEABF8SupDv2XUF6cBdNZi8c7pnTh79,50.0,p2pk,040d042c9d6ef61615a984cd911543ab...
9112,2009-03-29,1B9sRKPE11NojH75cP7KTcK4uqeJNWcgWQ,50.0,p2pk,0465766b9fb7b9c23e4d7196c7a4d38f...
9113,2009-03-29,15wswcbBp7kgSdCgP7gCPTdbxoiuG6Uzm9,50.0,p2pk,04d859bedf7c4f1f29b09aaf5cc84302...
9114,2009-03-29,14oRgYspYyuYaqtqyxTDkxkFjaWrenryQc,50.0,p2pk,04a36843fa179ac9801f2184c527a018...
9115,2009-03-29,1NUdNpoqREjAKFT3TjU5h6gfhEVgKaKb9u,50.0,p2pk,04aa13ebab01e7a4fe02b9be5aab5799...
9116,2009-03-29,1DTLjwvucqqFriN5sfyH6V121vSZKFR9V6,50.0,p2pk,04ab1f705b65363395a8b0f88a395737...
9117,2009-03-29,14P9Bj4cMj5MxPLk5AqXi9F66DmxtnT8ec,50.0,p2pk,04cd9ef9952994ca9cf5afdac300e6f5...
9118,2009-03-29,1NdvgLtpCUKZZJNSvvrgisBXvaQErAAmAv,50.0,p2pk,04170a9daf6eb2175bb30b30b7a9f36b...
9119,2009-03-29,1NLYUVC8yakARrRUGRU6nVZRLdbpKwbj1K,50.0,p2pk,0454df6b2a2f1c37ac56681cb4d45985...
9120,2009-03-29,1QErc9fPztq7PUaM93YynrsHr7NsSuZdWP,50.0,p2pk,04883b6f422fbb85a35bae545bb57a19...
9121,2009-03-29,13rN7D2N8CW5m52xSDtmPv45Un23vmdyPK,50.0,p2pk,04ae188a136c8d2f3f457f4397f1e0a0...
9122,2009-03-29,1F9C6XvdF5yWCnizqxNa6h96r3npJTLn5k,50.0,p2pk,040cf87a8910352ad677acc4afb7aae4...
9123,2009-03-29,1NXdBL94bgz4HfonP2tXfcBErGyojDzbkP,50.0,p2pk,04db584989270eb7d5eac867613b0db6...
9124,2009-03-29,1BmwKMpnKXkYfRYSyAYaKcYyjv8RMHjRay,50.0,p2pk,04829e84be2e6395c57d5170fe54255f...
9125,2009-03-29,1ML3HhTqKFEYxAdowzKsWWVEz1AkyCMxi2,50.0,p2pk,045d145b30f101a4e45b92cf51f85e86...
9126,2009-03-29,16Y4hm62UwnFXXrCY1Xgf4cz6J7eEziEj,50.0,p2pk,048eec5a4c35b4ad3828d4921ece0547...
9127,2009-03-29,14FGjw4WM4oLvfJBJxePs3CgrdcVrpDvq1,50.0,p2pk,045823e20ec9e52095a45bdec5fd5365...
9128,2009-03-29,1MbiSFbuvBzipwDqH1vGoNZCKJyNVMkTWh,50.0,p2pk,04475ec18308df851394a128d712cdd9...
9129,2009-03-29,15BHKJfv5okN6F6gPqCDiMVcoBPqk8SLNT,50.0,p2pk,04095fb33237515c408e88f4df80d8fe...
9130,2009-03-29,1CK1gMiTVVPTU5juwt8xxTfV3NqV8PB367,50.0,p2pk,0450d0ed8607610384d25cdfa994d854...
9131,2009-03-29,19JcwQkLQ5zi9HrhjvcgwTZpNmkUBWmcWL,50.0,p2pk,04a5e3ab357a8ee36c914eacf8793a93...
9132,2009-03-29,1DARRtUGatTyE2v29PERQQVAXBKd3WkYDd,50.0,p2pk,04f5ee3629279633a2bd99fb49bcaef4...
9133,2009-03-29,1DDDUSCWbgyKYnZwvdvauwAhXumw11HVH7,50.0,p2pk,048d42409f82fcbc7185a7c36005580f...
9134,2009-03-29,1Kd6TFKfqcbG2t5LXtqfs2xj9ApHr6P8aQ,50.0,p2pk,0421c24f5e1dbbd00d43c21dab39173f...
9135,2009-03-29,1CvzbyxNHP7wXv55u1aN2HLVWJj8qDxpAp,50.0,p2pk,04465a495dd8baca91e157df88a5f478...
9136,2009-03-29,1DRia2WUmWWdSWrSo9xGuZtxLyempEvTS7,50.0,p2pk,04052b2ebdff43f89ad18c4ff3bb99e8...
9137,2009-03-29,14nQUFXUoG5nxBZtY82odwbYbYGfLuAQh9,50.0,p2pk,04f4463e9c0269c605c44360105ffbc9...
9138,2009-03-29,1Pp8xBuQ9zsP6gde25viGJCfsSAufy1ZSB,50.0,p2pk,0499d6b047c559f70c2dae8be8d73cbd...
9139,2009-03-29,1561imV9wxffoDDqUve4mnxWbbXvxX35HR,50.0,p2pk,0495408360f54f7949e0c1c0b4543877...
9140,2009-03-29,1NnFb1rJ7P9B3oqprmqV3mAYnPuTB9tkcf,50.0,p2pk,04da67d300a30e7dcc46f5fc6e2cd91c...
9141,2009-03-29,1D8fZwWXN4Bzed9E5toSvKTkN595EpAVyD,50.0,p2pk,0470269f7c2b0f2882813c61cf01f541...
9142,2009-03-29,1H1oNiTWbwBCEYVrynNN6uVovCnRo66pN,50.0,p2pk,0419a7a68edfa83c8567caab61c3de5b...
9143,2009-03-29,1PPnKhJ3pS7BsdEaLBYcXQ9g63iEWwHbah,50.0,p2pk,049b891651f1ae5e5823802417e9ab1c...
9144,2009-03-29,1B4jr8PGzLxaCdq4wRkmJoiLHDka13z47s,50.0,p2pk,04a2141d13d80af534018e2b1e9429db...
9145,2009-03-29,13k36zpakk8yzV1wYebtzQis3K3gd6p8Rt,50.0,p2pk,04ef330b757d07a7ba1e5be24688132a...
9146,2009-03-29,1Ctso625ksoobGnQCWGzFNgvi3qe1mCEqj,50.0,p2pk,04744946a635c4a6c33f7ad80e61f3cb...
9147,2009-03-29,1KwTZdwtFA3cocdnewWX6QDt7XsxDkBdUq,50.0,p2pk,0480a07a525cb7b64d78a244d62bd8ea...
9148,2009-03-29,14geZGp8tpyakdUkme6LfgQ2mSxsvQ4wxi,50.0,p2pk,04d34ce653a84759cb5dce98280e834a...
9149,2009-03-29,1LZVHX6ic3PG1NiLxaDsmKWGa58iX1yHGw,50.0,p2pk,04238ba80503069c0c2ef992ebecc86a...
9150,2009-03-29,1NFjxS6NG5xnTVFh2DYMN9qmNyg2soVv4v,50.0,p2pk,04ee809600ba213c7aeb3f8c00f2b021...
9151,2009-03-29,14aJjEtv9RCpk2cet1pF8wV29xbkQUwCdW,50.0,p2pk,04f1c9574715aeb4f38c784ec6eb3ff3...
9152,2009-03-29,1A3Tp3EhMAzvavrGLCED8gBy1mfmg2HbUY,50.0,p2pk,0409871822b8124913e8ac455d01978f...
9153,2009-03-29,17Kyh11Y92uvEPSkw1zatnZmd25vcUmyqU,50.0,p2pk,04208662ad437974bdbf42fb7abb23b9...
9154,2009-03-29,15g97vVzGn8pF4jDpWKuy6s7BKnsyADT5T,50.0,p2pk,04a94d826d011cae91d052fea908a468...
9155,2009-03-29,1HAw4mgu18RCE6bJ4u4ZU5Rt5HCJMwQ4pY,50.0,p2pk,04f24fcbb3e6833a7f215648ec3420a0...
9156,2009-03-29,1jtXN5bWRBBX7gC1bcSpUTudAT7G8u7Wd,50.0,p2pk,04f5dff0e63cabac848d8d70a7662ff6...
9157,2009-03-29,1JKQERUHq2yMnuJC8sQETWBK643wQH8iaa,50.0,p2pk,048d417b9ddbc6b08301396db98e4839...
9158,2009-03-29,1UorHJPfKUUz21nbdycn2DDr4FtCRnzhM,50.0,p2pk,04a62102bc275125825339d41cb25382...
9159,2009-03-29,1AoKjxyxshVEFvFU2CYUA9QD3VqK2sbuX4,50.0,p2pk,047ddb9a002bc76ac42800429654cb91...
9160,2009-03-30,19YLg88dipPNZ7rJ4SAhUVvLu7ug55nYcB,50.0,p2pk,04024d0cd55d6f7ba3423bf1954f5d55...
9161,2009-03-30,1Nuqh16Z9vPfd9V4DdAEyL1dCS9fPV52bF,50.0,p2pk,04e835b08222ab88e5ae4d90a852d38a...
9162,2009-03-30,1DEBP5stpAn5yNxPgmAq986TyqxUjEKJrt,50.0,p2pk,0451c3c9eb44fd97bd66262e6dae06b8...
9163,2009-03-30,1C68KWAj2fPfaYAaVYtNJwXEnsSmoP5AB8,50.0,p2pk,04d02790a44aba5a954d21d68c381d0d...
9164,2009-03-30,1KCartG41AM5NR7yDeoqzhGcNeUvEjnqpA,50.0,p2pk,044cf996e22d24e9077eed4982609479...
9165,2009-03-30,1Hdf7HoakK47G6vEk6z2nGaLunKaYvCaoS,50.0,p2pk,0497677dd8218773a8537a56175630a0...
9166,2009-03-30,12tQ1iZM4pZdePR9fMauQVg2MHsDKWMFPY,50.0,p2pk,0403adcf1340f88a2b69180eb211c736...
9167,2009-03-30,1KjCNjMPV5MYG4D7h396EquGsnCGNrk2dc,50.0,p2pk,0457f0d4ce5ce3640e18ac27b83a3491...
9168,2009-03-30,1NxruupTbYVCtW26BgBDsGYzacsix4PiRA,50.0,p2pk,04be5c89f971d7f9c038233666dd056e...
9169,2009-03-30,1KB8pExEVLCT9aoBBY2FJ3exwFwAARHGJE,50.0,p2pk,040a29be4311ad9003656e28c29da87f...
9170,2009-03-30,19xQBH1jnCVUDy1w6ZvroYThvxuSoHUas4,50.0,p2pk,04747e0cfa0cefab8ca74714caa06357...
9171,2009-03-30,1KAqDGUxkGTx3aG1TSKGZ5ZLWayXtziXwC,50.0,p2pk,0485be250534f849395edf41aa56b00c...
9172,2009-03-30,15nVsSqMK7FRDS76MeXWNdKzGk96qLi6WC,50.0,p2pk,0407dae1723fd78d5ca62881349e788a...
9173,2009-03-30,19PEFSf3AnzA8BuqyCF1Lm5CV4dDdfboiH,50.0,p2pk,04c101319a616976f511153a71932394...
9174,2009-03-30,1HaMjsV9mazaj4F9ZbQ34fvbhKM97aLVJs,50.0,p2pk,04bbaad4fcb875443a829f9c9b9a678e...
9175,2009-03-30,1MHrGcQHA8HyeFTzbNZCakCNabg5PDsvbZ,50.0,p2pk,04d9f578b072e657e2a11709230d91d0...
9176,2009-03-30,1H5P2GQd9K2jYb3LsDWauLpW2SCvDtekh4,50.0,p2pk,045b68027221d70b415d0ac004b88640...
9177,2009-03-30,1214owJ9jCR7r7MZzSVaWiXTeuV2sXowRb,50.0,p2pk,048479bd6d5d9a5b881c75586b62066d...
9178,2009-03-30,1GWHTw4JrDDGXXehxZzfS61TDF8iW85FTW,50.0,p2pk,042835592fcfd674cf7889eab3ded967...
9179,2009-03-30,18zPKUYn7hK8h87uGHe8fmnSJeXWJhbVE3,50.0,p2pk,04f3ac8daea643a150141b12845b4121...
9180,2009-03-30,15d2tK53mu6MNJxDpVMQ52z7BfnEwSLLwr,50.0,p2pk,042b10a6d16a472f37fc21c41bc7476b...
9181,2009-03-30,1eRGPh9uo6yHZrJQfTBACPPwnmWCMjHp7,50.0,p2pk,044fe11113e978ef3bd1ce7b71a903f8...
9182,2009-03-30,1AxxyQ3JgCKJFq5DWnFcjFyaVx7znUXaGW,50.0,p2pk,04cea183dfca499da6dd4cdc853d5498...
9183,2009-03-30,17JX1hpXBNrJiwhNdHqvpZxdkooyap94hK,50.0,p2pk,04c2028dbbef0a134af1f522acf56764...
9184,2009-03-30,16KTMSynPejBnP4HHQgTPucBQswUzeC84A,50.0,p2pk,047d6868e38728725a18584911c0b432...
9185,2009-03-30,1AyKY7ZE4zz3ChgJooXiePmif68YenRs7L,50.0,p2pk,04dcaa18969aed79889cfd0656b41ef2...
9186,2009-03-30,1364mGsh9DwJoEf6HtNMDXv771WJTwji3p,50.0,p2pk,046883213a8815f5847ca99dac003b38...
9187,2009-03-30,15nnr8HVT9a9pcg87F1e32ZDUiGGtLUCzW,50.0,p2pk,0454236cc9a066f623f60abb524433ab...
9188,2009-03-30,1F9gpeEeXq5nzckE9GCHjniPxb4kxiKB8o,50.0,p2pk,04c0831ef8febb153534aad98717f928...
9189,2009-03-30,1A3PNQLM6rnJ8C3TZcZCkC8oXqNSoahToY,50.0,p2pk,0435661146708217be3fe358c6de054e...
9190,2009-03-30,1HzG7LtpDPCQSbBhvLZBAUdEahn7VHMfPx,50.0,p2pk,04449f284bd6f52fcdaf56f2c3529cba...
9191,2009-03-30,1Apogsw3ne1uyccG5EGiraTL6y12KTYQcn,50.0,p2pk,0483051c0a92d3c6405c39e03aa55329...
9192,2009-03-30,1P8Xjd8HfCtD8MLT6G5qaVSYeT4eh5EtFv,50.0,p2pk,0471dacb982fad66f70317f9ffa90496...
9193,2009-03-30,1DKihtgMH1RfM5HW2y6HBPuwd6jQBERHeW,50.0,p2pk,048f01e810b509aae00bc61309d960d1...
9194,2009-03-30,14dbf4sGbhAudr9NdDxJFFStDyMYiaaerS,50.0,p2pk,0417a6f184e7fafaf6eb03a9a5125939...
9195,2009-03-30,14M2KP9SLohkV9eFEXQ83vrS3VQpbf7BRK,50.0,p2pk,046da335de22d8be8af835e464dd85c5...
9196,2009-03-30,1PDba7wc6SUHyLwoumVF9JY65cmjqy6Hgs,50.0,p2pk,044cd231b21c43463caf81b7a7541ade...
9197,2009-03-30,1CGZgKK4e15fTD6zi9S6qu7Yy3UERGbVE1,50.0,p2pk,0454149141754be751f5720171d77565...
9198,2009-03-30,1AcdvhyDtahLFawSbawXXynVtTcCG5Y3WK,50.0,p2pk,0421e2540c4e231365bcef2a86da6309...
9199,2009-03-30,1BM5uCzkYK4oCNN8kfAiQgnXXRU3ZgMbdj,50.0,p2pk,040306b77fc3ab995af2c13ee5facf34...
9200,2009-03-30,1L85YbD4SGZY3wHcv7ra4BeuEYxVUP2C1Q,50.0,p2pk,04e8b39c7afb8e24f141b38867071b63...
9201,2009-03-30,189583QNSZw2hszc4xMfg6Ep4Rh85kuY3D,50.0,p2pk,049b051234e7eff1cf5809dc1e0f2adc...
9202,2009-03-30,1KyeMobBpG2927hAgZUkegPm1LRWfNo9Tm,50.0,p2pk,047fa585f65dcd2905255014e27df27e...
9203,2009-03-30,1NLv5nSVj8qvvit5K1mXHWrc14GTTAe9Ls,50.0,p2pk,04783c26684212039ad1bc0148b0c68a...
9204,2009-03-30,1AeeKQ194esGLA4GjhyexcubE4cxooUC5B,50.0,p2pk,040e9185605d1c88a8052786297209a2...
9205,2009-03-30,1EpMerLUAURc6pFUgPFnA1ktGhPPJW9UHp,50.0,p2pk,049caa913a620b9ec692cf9e23749450...
9206,2009-03-30,1A7ZEYLTKtmJ1Vmo5o6YdS7dnzNKsx8U7G,50.0,p2pk,04c57b3f01072098b75de3aaf743f885...
9207,2009-03-30,1DEyLgMsaBayksHAJb3f8YJYTZFMgJZ8Vy,50.0,p2pk,0443d5b3af1b3f68d32bed9ebbdb7e3d...
9208,2009-03-30,1MwpW4ejhPoZVoHvKq73RvAtLeHobGc934,50.0,p2pk,04ee1645e8afaac490acf1ece384323d...
9209,2009-03-30,1PS1RGEC8LfB9BHzURq6YaSQYMHsQQHmrN,50.0,p2pk,043c390d3c5297044d9bd588ddf27dee...
9210,2009-03-30,1317nwk3UTdxWck6jcQcFgzLn1an3LHRdn,50.0,p2pk,04694af43eaf712f8b80558ad31d9a22...
9211,2009-03-30,12Ts6sQFdkRvrFroJ82A9qpvz9QSNGF7MS,50.0,p2pk,04bace854c26b9ca181876544bb34a8a...
9212,2009-03-30,1Fhmv3Z65EsGKxEn2ngWNTEJXaGeaaoQLT,50.0,p2pk,04aa3bac5a2b87596048580ca594c98d...
9213,2009-03-30,1FsaXzF3cSfC7ZLnYrzDJpy3xKzAnvqZrg,50.0,p2pk,0459d2c711c1ce1614d3b2e469efe591...
9214,2009-03-30,1Ncbx8koenP5jT6bi6cumLVPaApdwBF59z,50.0,p2pk,04c8ff47ccc1768bd5ff571c51383618...
9215,2009-03-30,1EeQYNyZVUbyHEpFgQPe1nBpT11yVtUc8j,50.0,p2pk,04d8e013b1ecc440d59e09aea92af28e...
9216,2009-03-30,1BzWbT2BLRRef7KBaLtQEFH4KNSZkaHEHZ,50.0,p2pk,049ec4e369c30776f60f5381ce54a7ed...
9217,2009-03-30,16MhSLM7Mdtgnu8sQZMUHrFQ4pq84ashVB,50.0,p2pk,04ffd5551e270d45d39e92b126469c11...
9218,2009-03-30,12RgbX8BhnbU4dozTh1hcRXwyBY4jMpCmN,50.0,p2pk,04487efca06e96d2b769cd13b548eb42...
9219,2009-03-30,1PCPx1ywpKkC6684imzxSN2s9mb8fD7bA4,50.0,p2pk,0460c666f0fb061d682c29167eee7131...
9220,2009-03-30,16HJWkkwsi7hvUXEj4jrct8mxbKJQuYbpD,50.0,p2pk,04ff41b2ca7b87d0bca1f73154376e2f...
9221,2009-03-30,1MA1gBE39jDK7kvkwUQYD4wCRhLw9ixSSC,50.0,p2pk,04bbceadc8a1289320ac954c3e118e54...
9222,2009-03-30,1JkLvLch2Z7uh7wpMxKeJ7YHhbsC8DpuCa,50.0,p2pk,043acd5fe7162c6bac97e9b6c87fea21...
9223,2009-03-30,1PJeqf5mL7YZ6cnsRs28CgfkpckDwZmoPf,50.0,p2pk,049eeb360e6d59e4b9c26c392a83def6...
9224,2009-03-30,14VUQZESW6Udz9aVxgwhxz1QeV4HT5biEG,50.0,p2pk,0483fb9a6071640b832b84b9035beb45...
9225,2009-03-30,1GJQQiHeKn7M31TjVcLXrHc6HkbTPaR5aQ,50.0,p2pk,04086716ef8cfe1771d18032897df603...
9226,2009-03-30,191VBdS4rRZzULq85SE7Rj6rtwFcAL42Fq,50.0,p2pk,04e9a2807cd75b9e1b148b4d4e41f9c0...
9227,2009-03-30,1AmpijF9vBww5AbJXWo2RRuG2rvGUJFWLg,50.0,p2pk,04f75b77ccabd8f3ee2f7f13533e715e...
9228,2009-03-30,12iXGm1K65JzhLoiARaozTHmgrf2ShecjU,50.0,p2pk,0482144726a118edfec3f98f4b144ceb...
9229,2009-03-30,1NeTjPrhPLLsUgJmvzvMVAvX5dB32HwAE4,50.0,p2pk,04d2c34e16342a3a750f033238eb68ea...
9230,2009-03-30,1NFUL77Ea6MYRfdbArd2ZxhrVWNWh4eVBk,50.0,p2pk,04d452d695a06c54c6bf61bebe30bf35...
9231,2009-03-30,1F3pYEx9T7G1zxcVpVp5V4KRGzyVt9uJHR,50.0,p2pk,04471be6bbbb91329b686c4e24e19b1c...
9232,2009-03-30,13HfLHzPWdef6b3aUJgGw58ysWEdp6zTLy,50.0,p2pk,049f836ab816ff99984854d8a8172411...
9233,2009-03-30,1317NgcmZKVEQ9EbsntabLyDiZn8Uyis4b,50.0,p2pk,04b1a52d107aad58126741357caa8c16...
9234,2009-03-30,1G2qyVU6dYm4i4YHBKj2PjwhhpPpuhcNU6,50.0,p2pk,04ac4832ba2e99037cec35ab757d93cc...
9235,2009-03-30,1ieuBbmqKGoXqh42gt3Rte9QBjouFw1bq,50.0,p2pk,0453cc3a9e1c6d19f234e38f790a0111...
9236,2009-03-30,18qbjHTrXnzo1WUW8r38jHg4VttsRGZoCz,50.0,p2pk,040166879086dc67a2633e31117f1067...
9237,2009-03-30,1K4VLZm7YMZz195a9dbhHBw4euuTKvtZUB,50.0,p2pk,042b2ee885adc725e3ad5bdeb700fb48...
9238,2009-03-30,1CcHBhjuRcUXa5RMepdX2zMdEZVXMdztzV,50.0,p2pk,0440ec300f59abab1be8c89edd378854...
9239,2009-03-30,1ML1QiULDvapV4dxxB8khGzJvxHBspQwhH,50.0,p2pk,044dd1c58531f32ef7c367baa03eae0a...
9240,2009-03-30,1LrZB6bYL7g1idSpamBBYTnk6PCXjAj8E2,50.0,p2pk,04a9853301abf4839362ae6cc39c4d35...
9241,2009-03-30,1MXvv1s69NRapo7BK3xBG5uik8EVMKkoGN,50.0,p2pk,04406f73ba9a30cc144e37d984d89bc5...
9242,2009-03-30,16Y973dL5XgZrBe7KYk8atUraaQ91KzEYz,50.0,p2pk,045e6389af918e0e780bcbe39e33c971...
9243,2009-03-30,1u8BxzeQiC6x1tYdPxK1i8thUhRYRXbrb,50.0,p2pk,04a28efdd4057c81a4d8a35dc0934435...
9244,2009-03-30,1DHboW2Y7HtXjha5CzV56HJ6KigiW6cEFv,50.0,p2pk,04f04007c426946c031d2586e907d330...
9245,2009-03-30,16a91WHUkvZsT4T57TFzYy8wudZSJEyg2M,50.0,p2pk,041aa8b95733dac0fc7333fc60fe9c8c...
9246,2009-03-30,1DVLbmwQqy5GiQs5WwfcSkKNGxLrkaDBix,50.0,p2pk,0438c8047ab48b49b17d74b930bb033d...
9247,2009-03-30,1JBVTFeEkMzoj1MLtBYAQA3oTP5FDPHeH5,50.0,p2pk,04b8dc235b48e53f6ee50431adb0cb0c...
9248,2009-03-30,12dgdvqvJfVLLjmhxjCk3WkdRmrP2QYFTm,50.0,p2pk,0435f14251e60061e0d63bc290f2fb81...
9249,2009-03-30,1KQRxE85P7k4q33DfofZoTQBHZBv4v6XoB,50.0,p2pk,042de23b96bdbe7e3436a684f4568f56...
9250,2009-03-30,14r6pXNip2vmtZqPa7C4qFT72EpWohE29H,50.0,p2pk,047fc2cff697ca27b5c872af33c8b984...
9251,2009-03-30,1JqGNMAS4tphemjV66JCepeBVoRBVG9eUk,50.0,p2pk,046935e5a1a1ff723dd4d05d459063c3...
9252,2009-03-30,1AuvWFLUMK2j95g2uC2TEHvd7tEhdpLSie,50.0,p2pk,048aa482a97e32ee78745b61453c72d7...
9253,2009-03-30,1G6QB6UFPGU44HVaq1XrWCais9Rm3k4TFZ,50.0,p2pk,04937e27082dbf99d3e70df9a5d80415...
9254,2009-03-30,1NLGYJBS5AZEKtJEBWQz62iH3tEXdcmk9M,50.0,p2pk,0425cda51d8664fea0a5a9fab80c824e...
9255,2009-03-30,128jvVMfg8BbVEWvtXsE6jBu4wBjzckUgq,50.0,p2pk,04f53535d9ff6bc06488186efb1c44f5...
9256,2009-03-30,1GBT4rFQ4rqKfu5tu5bNLBi6qFSy7iHbvE,50.0,p2pk,04e3f3d08f5cfaff091ace9cc870232f...
9257,2009-03-30,1L7qB8GhMtJpXQmY6QiQaq3hrHy6zbz2BP,50.0,p2pk,04a6e9e7b3238038fb27ffd2e4839930...
9258,2009-03-30,18uZUBWk6dVEf7ecSUiVkArBJAtfsvZu8P,50.0,p2pk,0476c4a9bc7178b7b5e3db3d96226d6d...
9259,2009-03-30,1efYMJy86Q76GFsCCrVpjnxjFuciRNugc,50.0,p2pk,04e95ed1a7013b48ca943f2d33b7b360...
9260,2009-03-30,18ReGy5svd174gXMctzuX9B6Wg5J6Jh84v,50.0,p2pk,04d78143dd62e1cf59593309c26bc370...
9261,2009-03-30,1Guko8sGncHxkFiMESyNpeFQ288YLP664R,50.0,p2pk,04ec0fc63cad714b94a6cc1cb5af2489...
9262,2009-03-30,1DNCE8gfdMvFVaJzzaupu2yh8V3z3wuQhj,50.0,p2pk,04bf5a03c4a6bf71930f99a581f07b82...
9263,2009-03-30,1KWCyAu8q9btcGKKcfbV5YDCnKcecznUFx,50.0,p2pk,043d4e26d445edfc25752c5165d4f2f6...
9264,2009-03-30,1BfFjhqAzcwM8gc5ns88SWuMAZMtfcZESB,50.0,p2pk,042172662c83f81b86fbe964c8fd2c33...
9265,2009-03-30,17AY6fVd6fBYpvm4pRo3um1BJYbmpC6m3r,50.0,p2pk,04a719c3f47907c279e269a88be6cff5...
9266,2009-03-30,1MsvxP5M2hMcSeQFKzmvvA6gQs9gAC9Ta,50.0,p2pk,04acdb27453bad6e40122828152f360b...
9267,2009-03-30,14eKmi64rwt3dpdfs1vFSfCpgErPvHF96L,50.0,p2pk,04ec45a97c3da427d23a26887aef22ab...
9268,2009-03-30,1JwAecWLEEAsVX4HxTHnuUQgNz6fYEMzmB,50.0,p2pk,04778db8756e39443753a010194c3fa2...
9269,2009-03-30,1C1Ja6MPCo5RuhYWS19Ngt46F9UfCFJHqL,50.0,p2pk,0467afa020c27b68d5946591cec08fde...
9270,2009-03-30,1D33yYiKCQVLwpFMwD9LbJBisasVJm5frN,50.0,p2pk,045546e7bbc91772b02bb0ded8b20a21...
9271,2009-03-30,15tQnSFah4uPjm6rW9kvVEuzh1LVH6CY7E,50.0,p2pk,04f79e1cfe2695cdda96900131332c95...
9272,2009-03-30,18MuhuGUUeZFq33Mga3imaroTMWSEGt7zr,50.0,p2pk,042bca086d3305dc7c698557f2e12ba5...
9273,2009-03-30,1EL8AsAaySV9N4cBPj1bvjj5p5eZPS7dVU,50.0,p2pk,04b3ed8702346f9f3f56696cba94b392...
9274,2009-03-30,16MDBgv1AixPz8bWhqwGGYzFdxp194t76G,50.0,p2pk,04cb266794d24dbd758c9110b935e542...
9275,2009-03-30,14HLdWdgtvMUyLWtQw8jhMyvrssRfA6z1Z,50.0,p2pk,0413897c1f93c8b22bd0fcf75d086e94...
9276,2009-03-30,1eet2nGULwAj3eS623mtL8rxT5bifmV9K,50.0,p2pk,04bb647787b678dd3aa356bed683a01b...
9277,2009-03-30,1HgJMUdEYbdDbTMqqfdefWeouMfvDGn978,50.0,p2pk,0466052457654c9358eeee7bd214330d...
9278,2009-03-30,12aFf9E5grqDt6j3HkYP7FKmQMjx7qCRcv,50.0,p2pk,04c767e82d66d71bc3cf3d37032305eb...
9279,2009-03-30,1GhBfv7BwjLKMrWVcoaZCgfuUM4tU24QR3,50.0,p2pk,04efd1cbb35676eaa17e79b7724fd58f...
9280,2009-03-31,1Ps51QHcce1GyQYLtjxvY8ua4SNsQmKYNM,50.0,p2pk,04bb4008599ed730d3402632968a6c0c...
9281,2009-03-31,1FFK7jqKLALqZtSVDRWDkqdHJw2hzvaYf2,50.0,p2pk,04013efbdef60b6266cb1e4766e8e042...
9282,2009-03-31,1MUCL2YfeXwCA1zrT4VHipbAFa3eqqQkLU,50.0,p2pk,04fa4fb08ace8ac046a6360fa3552bf9...
9283,2009-03-31,16nvdSzDPc83X3S1wWKfqPc8dYWgTXwsj,50.0,p2pk,04a5a08f409f14d717a66acfab57ff12...
9284,2009-03-31,191v74TYkxVnTHhbLp3gXUgCMpX8Wo7Vbg,50.0,p2pk,044da7eb5f4aade930495cbd4c13e41f...
9285,2009-03-31,1Ap98UwHbPVoqWuimXSx9n1uqjTEEt2W8h,50.0,p2pk,041b00c187de66c5ab47d5cd98f0cefe...
9286,2009-03-31,1Q7ydVnwMUinuEdYNCwTzHMNzwwjTGn44m,50.0,p2pk,0487ac78f941aaef5d0d94dcc055c094...
9287,2009-03-31,14MdChGMKKomGJtKwuTChyasQgw8h7fszc,50.0,p2pk,04c3938a83c12dcf6fd8450079269419...
9288,2009-03-31,1HQX5h9ncpA4BdH3Ei3Lh1vM3TATvn6oNu,50.0,p2pk,04d93367aad075313135d9f0eee87a80...
9289,2009-03-31,1A7aFDKBpS6zbKBCExXbf9z57tb3urTxho,50.0,p2pk,043ac94d6efb53a6275195e11d5074cf...
9290,2009-03-31,1MNzunEb2bTuv9sHojxqzNaLzmWdJbmkdP,50.0,p2pk,045e3224dad699f8e50915440f6f5474...
9291,2009-03-31,17FHHdG7MUTGsgGDa1GEjV3T4M1LaA9XRz,50.0,p2pk,049de444c60995ec7546f84fb48d11dd...
9292,2009-03-31,13siD2twgr1QPGxRTmDeg1qYBfYuteaHsk,50.0,p2pk,04d0254082265052f0d91e4b8887b78e...
9293,2009-03-31,18T6CwN6bzRQyvHK52VC6HgHknhiFmgAmd,50.0,p2pk,045021be0fb56e239dd0cb05ce4e815f...
9294,2009-03-31,1EY7T4LEDUpSFD25QobzxA1mEhSsbbWZnv,50.0,p2pk,04df9aa1a32a979a76fbcc95bb558bd4...
9295,2009-03-31,1EoUhkdrybrTWxkT4jt4JqeJK4fzz5HL9q,50.0,p2pk,045eb4f16d5bf285b01337a0dacbf85c...
9296,2009-03-31,15WfrzTy1iM15XGYV2ZPECb3xzLHvHWzxH,50.0,p2pk,04a53b5093c45af7d9b33a91153d7d2c...
9297,2009-03-31,1LfwUu2VpYrjQ4N5k1tXr8PsZpuHMS9Ay4,50.0,p2pk,0427f6e9260549e818c95751027e4c01...
9298,2009-03-31,12kdxnB327JchWvn2msiCTV8Ndp4upxUX8,50.0,p2pk,04a21a0f28c14db827f482b90f975b27...
9299,2009-03-31,19zLcir8Z8dXRQRHhyW4XtQ9HcjUPTM4XA,50.0,p2pk,047d6baaabdf88b9d9981d29dfdb2a9a...
9300,2009-03-31,12VeBbhhTnv8yjb5xg941oWbXWj7XFURFT,50.0,p2pk,040a3a20b4339e4e9e2f9bfe4bddb0d0...
9301,2009-03-31,1HxJ3b4wNnQpnqxNqVXRLGZzeAsHoJCTPw,50.0,p2pk,04dc21224ed490fe7ea9b537010d2866...
9302,2009-03-31,1AsjGjYMXxtvf16zQargnAw5d7uY9nD34N,50.0,p2pk,0464885f978654667491f22b67eae673...
9303,2009-03-31,1EYBkVA4Zd8G6ga8jLKggYgPYXRUsc4vh3,50.0,p2pk,0414c0df273c2650cb8988b1f600945f...
9304,2009-03-31,1CHfchGGJn7BKUjSMtYwwttsyWmUdsLftA,50.0,p2pk,04b1dc604af7cfa740777359f57012c1...
9305,2009-03-31,1JsqaUuvjvqj95Gc6xJCNCXQ4f27kd4Jdb,50.0,p2pk,041ec49b68729cd8ea64e2b366df44fd...
9306,2009-03-31,12Jgq9GCqroCXTicsQtWgbRFdJ46gJLkdw,50.0,p2pk,04a7369c3fb28f2c4fa291c57a094090...
9307,2009-03-31,1DM44P8KNAV3qFWbE6fUdsYVMjsJRpQWSU,50.0,p2pk,04c27470b6315dd641439b7543702d9e...
9308,2009-03-31,1JuFgxb8tG5aHyeN3zbcyTneuQRQiS68z1,50.0,p2pk,0421df25af7ca6ef52eabee91f3dc64b...
9309,2009-03-31,1E1EtpTZu8YSm5QT3X4usFvMU66kubb5ev,50.0,p2pk,04abdc029633fb0959cc5540163da3af...
9310,2009-03-31,1MbfdcSyCC8uykaz86xn4XqR4fnzAn2bmS,50.0,p2pk,04e7afb364a6af45ead8905e9a64bb18...
9311,2009-03-31,17abQitRwtqSyCZo97jJC15MQTgTxDKPEa,50.0,p2pk,04c88e00d340ccddb8a187d0712d1472...
9312,2009-03-31,1D7QYUgUGBwjiiib5biWtywxZmXfipEKPJ,50.0,p2pk,040046f209df4ae4e5f00e2ea68acfaf...
9313,2009-03-31,1EKViN1bj65k4K4611w4V5sbq1gc2aNP7T,50.0,p2pk,0436498cc5ab0723af31d77b4fd259bf...
9314,2009-03-31,17ExQvdKD5LtdGL34Wzd5Y7gvPDneEYGrE,50.0,p2pk,04d79d15970f8f6b27fb748651eeb481...
9315,2009-03-31,1NXAb4U4qWaqJbiy7YUKAGw8qSVu8YN3ur,50.0,p2pk,04ac3f32e86cdc5565e982858a1ddb28...
9316,2009-03-31,16FJo86zuRFk6TUbyAJxypQcujU5pdXYAe,50.0,p2pk,044111781d63709171838ec8e253431c...
9317,2009-03-31,1EYXoa5VKDzqFtEVFsYGGxgp15PrDhyz4N,50.0,p2pk,04a0337a8ae4524403b8a46d6a43d5d7...
9318,2009-03-31,1XCLEMNLhv6eiYprQhpPnRNppi6YThhYS,50.0,p2pk,045cbef836cfdddc63e52ea360db57ee...
9319,2009-03-31,1NNNkfomSHPZ7aaCaYLAPiYwKYg19Yq3B9,50.0,p2pk,04f3ae2bee97beab3be3b4852fc1eb6b...
9320,2009-03-31,1MfMegrvbJyCgj8D6N219NdBTo9ca2s3XE,50.0,p2pk,04bf106baf34000d4251f82e7805c375...
9321,2009-03-31,1Aibct5gAuuFX5mX7fTQnF29EZNU7EmV17,50.0,p2pk,04be62c2b9860654522d801c6fbfa929...
9322,2009-03-31,1KRfTcCzBxD2TsrrtKmXsgQWw61uAe6HkX,50.0,p2pk,0433af428150bed15d14c831bf532385...
9323,2009-03-31,18oCCPWJBwyGdJhUoZstcxAXZ7EPhWQstt,50.0,p2pk,04c2222065853931f16924fca32e4b0e...
9324,2009-03-31,1EH39JQzFmu2L5t9Bf1kiTZyTLvc3M2onh,50.0,p2pk,04f19189f2da53dd93dfb37d4f69e962...
9325,2009-03-31,12KktRdjicNDTft2bPVRJb4jxq1mG3vRMf,50.0,p2pk,042249d3cec382ead9bc0e6cca2c38ff...
9326,2009-03-31,17avR6QHqkHQ3gHj785KwZeQztYopzEuAZ,50.0,p2pk,041f9e5ae8226f8a9bc91274a59d7f7a...
9327,2009-03-31,1HdGSA8XUnHnT4P6YwQMXQ47yj8PWEUZnE,50.0,p2pk,041afe1fbb566347a34d3e9adb4e767f...
9328,2009-03-31,197ifubMNs8qWE7Sf1UUdKMWuzh15TJeTZ,50.0,p2pk,0418966b139d0a107e89a656e9b40e4f...
9329,2009-03-31,1KVH1A1kia5g8MkdEKg397mP67jpsGJt4h,50.0,p2pk,047aab3be7569070244fdbad2d561a9a...
9330,2009-03-31,1EUUDptH5MRD4FM4XVKdhk17h1rZhEsTDN,50.0,p2pk,04b5070fadff2363c2b9ddfd957ef39a...
9331,2009-03-31,1GUTG2zXwiRRiLZppcbYfL9sqKuF2UA4h7,50.0,p2pk,04d2f9190d3f8507cc967c54dd1235a3...
9332,2009-03-31,1Q4fdVG7xWi8D3yGVojqzwsUXCnrwWc5Dp,50.0,p2pk,0430e1e97360e8bff58d2baeaa805527...
9333,2009-03-31,1LbCmCnHkVPj5qSdZcWN2tZCHCs4PnhBpS,50.0,p2pk,042e10205a117c98a292ebbb1ee354c4...
9334,2009-03-31,16cTA7iTw2j43SryGodToAnRtLgeQxfvvc,50.0,p2pk,048fd91e55a0eb5957c78826a4c0b097...
9335,2009-03-31,1GpkLyPoW3k4qfWQYDbXJoHkGRV4XLgX5C,50.0,p2pk,04a23326cfca83040790b6d4b03c6151...
9336,2009-03-31,17M6Nvgmq7runTFhZyCegwSQka4mCkR5yw,50.0,p2pk,046dd93265d055c3e5f4b44b5fe49516...
9337,2009-03-31,1J2k99B7AzNj4JrC9FzxzoFAhp63et78t6,50.0,p2pk,04d7d2e21c85b3bf5b663c5b29743ffc...
9338,2009-03-31,1EWK2YfAjusTHS4kTWfwWzbHmZbdkPRLYc,50.0,p2pk,048cdb8e10e607592632bbb8bdecac66...
9339,2009-03-31,1FYhqT9kZGtmPfxFBKd9qmTo8BUuD59hre,50.0,p2pk,04c67bb4fdc99993b47d9a41c3f2242f...
9340,2009-03-31,1DJ9v34QgsW8ZSt7zrG1cFU6srE5XyPB2v,50.0,p2pk,047f3a05b283b396d067dd0e30e92b6a...
9341,2009-03-31,14VXVea1DJnDQwxAiQY3XpSBAyHSjYwoSX,50.0,p2pk,046afeb9908cd731350236499d344a0d...
9342,2009-03-31,171f4f6JgiY433Wg7rw492wizpzPJshLpo,50.0,p2pk,04681582ac37a731876dbccceddf6b6f...
9343,2009-03-31,1MHsoPCL9oQz7Upgd86ZfvRDHLVnn8MXkr,50.0,p2pk,0448dbb20d3832577b1bcce7a73caf95...
9344,2009-03-31,1KJcvTq1poFPv7XTGbzRE5p7Crv4w3joVK,50.0,p2pk,048396050f8b84a96047c410f5864d0b...
9345,2009-03-31,1BY8PfUcUFUY6U3Qi1XrWeCPdzjqZbhw4k,50.0,p2pk,04531dd156f45aeb7a3db7080da8a9d9...
9346,2009-03-31,1EXAegkjVLMu69SwP6Jw5ps13GqVpybXTn,50.0,p2pk,04297d622efcec11310d9307a121525b...
9347,2009-03-31,1BayQGG4KXtwWYCxsLKkWhsLMUNvz9UnPJ,50.0,p2pk,041a79742e9b936c4d1328e6011cc01b...
9348,2009-03-31,1NEwRDyY6ps85RDwNbPCvhyaY3o2ofXYJn,50.0,p2pk,04884791517d398de4cf22b6fafd1206...
9349,2009-03-31,12A1t4pr8AKkHoMmifUog3Bu49uSa2QiUC,50.0,p2pk,04ba5630769ba0bdb5145d39771c28eb...
9350,2009-03-31,1Pyg13PXTbuiocgxd1pn5HB14B3GTKdeb7,50.0,p2pk,049ec12ea7d754f52b1c0314b266318f...
9351,2009-03-31,1PAuh7Wf1uhgEcFGwVCTLwbgXgwWW8psB9,50.0,p2pk,04e0f78290a73d696491bbe067b74ddc...
9352,2009-03-31,1AWodGsRFoG1JQPMvLuXh4Nu7fqDJPq4Xy,50.0,p2pk,047f5101eda2d2de04c09c0968f75e68...
9353,2009-03-31,18vce64gePZUaMi8ojtYDquj3qnVzekQnQ,50.0,p2pk,04116402680a21ad34e64ad5992bbb5a...
9354,2009-03-31,1JprtjevPPYSXUHHADY3EzeD5pPUZwwc7x,50.0,p2pk,0420e4ad7447e5eabe6f7126ec580424...
9355,2009-03-31,1Ga1nn88xw17iVXv8Tt56RuqF5xu5gPpRD,50.0,p2pk,04bfe908aa28d82bb450b500a9498832...
9356,2009-03-31,1AV1yTmsmTpLh4AmqxCijuLLdUDDec4GZt,50.0,p2pk,04b5484cb3dc59573d37e6b9eb1c5f44...
9357,2009-03-31,1Ht5RkUR8TbEDzX7iExsHUYRQ6qQPveqxN,50.0,p2pk,048675c181da71a57fe3105b2f773726...
9358,2009-03-31,1T2wV7ZXngMPMrEKUhvsjLRohMfYWXSce,50.0,p2pk,04d73f91c3bd36a915a1fdbd647819c7...
9359,2009-03-31,18BeRPHVe9opfFEGdz6QvdsSNC9NQNWow5,50.0,p2pk,04cce300ff2b8d11c7383d56934850af...
9360,2009-03-31,1enpS6NnwLQhL3yKC1RLyd9ZttUdv6tfM,50.0,p2pk,04e6b6efcbad1d3d67e29e11af3dc063...
9361,2009-03-31,1GkB52aM4NCuQg2gDQeh5qKVChyrgEixu8,50.0,p2pk,04aa33d22ce2f6072d6019b9eec2194b...
9362,2009-03-31,13BE2q1aiqAJoWirahzREvXf6W5TqgbpJM,50.0,p2pk,04289d3adedf3ca4d46ce10958e67e7d...
9363,2009-03-31,1GXnaaP5LSGj9LYKimLpHCNgDXfTsqAP3n,50.0,p2pk,0477d5a70e044442c873861955e5a283...
9364,2009-03-31,1NcxCXfdXQmReoMY1wdgFdLiTiszeeZUye,50.0,p2pk,0453a3ab5e611651d0a5838f789b77a4...
9365,2009-03-31,1FFxnghzmQC8ZL6fVHTBNBambwFg2ZZTmP,50.0,p2pk,0466d4f61d512f5db61caffc0eef6136...
9366,2009-03-31,1PHX3bocbL3g4ekL43TzJ1qhageqXc4Tx5,50.0,p2pk,042653c8bcebc9fbbb881e4327f97959...
9367,2009-03-31,15TkiSBVi9U4A9kjhc22QC9mVBMDyn1J68,50.0,p2pk,041d694ed5f07cae5a92d2e3c9b1cdae...
9368,2009-03-31,156D6zVSs6KCXr61xAD8UdX1DV3YXDRy1x,50.0,p2pk,04b07d2985b7ad1bac072dde038a1d4c...
9369,2009-03-31,13LHhqvJE4MVYbdhgcipyLZWcahJABBtdv,50.0,p2pk,04f3a6031303654f1439c273bc135710...
9370,2009-03-31,128TtYRMA9WG6Wkjgej1vPoQmnauVUA5KF,50.0,p2pk,0415fdeadf70ac7b2ce875a2b70fb45b...
9371,2009-03-31,1FUAZnNMvPQKKGK1vka5HGuFyEs4ZZezng,50.0,p2pk,048ce4216915db5dfbaf1253d480caa3...
9372,2009-03-31,1LD6g38zuFdyjG5ai6P29HQfEAsno3TdR3,50.0,p2pk,046142b2e211bf1800682bb486c67c5f...
9373,2009-03-31,1Mk3FaBJstFv5qthCnkMp8FA5dquqY868N,50.0,p2pk,044377cb65f63b5e872703f33ad5acf6...
9374,2009-03-31,17EcYGMfax1GPGd9aJ3UxxdmXjmfueSvYU,50.0,p2pk,044416ecf92ecfb73769b1f07882b2ec...
9375,2009-03-31,1ACAn18ACGWnFtAjdNLh18TSqDKKp3c64j,50.0,p2pk,04d0cdd9adfb265fd81d71707a40aa2e...
9376,2009-03-31,1KrJoNzKoV92vLUmMnGoop65KmAEGQpAio,50.0,p2pk,04e46067140dbb0134202cb92a5f1cf4...
9377,2009-03-31,1CVGwBu2iLf1tgtqUCQkcNNXXLyzsje6fX,50.0,p2pk,04fb21aa30538b8592ad5aaab322ef06...
9378,2009-03-31,12v9opoC7LCUmkpTqBDeffgZvx5TwVbbpX,50.0,p2pk,04e440fa79c9820ee32b64306880d370...
9379,2009-03-31,18fgoGh2NKBx37fy5PiRhc5qTzziVmfNuQ,50.0,p2pk,0490019dc70a5b2e5db9eb767179472c...
9380,2009-03-31,1DmZ4wFEQGJhTefdP9htGSBUgLZAfS28Wh,50.0,p2pk,04bcd6af83f6082d08800ed50ffec6b3...
9381,2009-03-31,1JnBpTQryVWyeYHn6H68o9kehtmK3C6eGW,50.0,p2pk,0478844ffc6c2f16f38c723679c0a67d...
9382,2009-03-31,17z5jvPnSb5Lbh6jGp5dE4qJNsaZ8eEgxg,50.0,p2pk,048fd2c7e8bd41be90bc83b321cca857...
9383,2009-03-31,1GpCvnvsJKLMMB5PL1FgyUSELfVBeapDYN,50.0,p2pk,04d79a529440c7980afc3df0f3d87fc3...
9384,2009-03-31,1uQWp3FrURBqisnRjRz4tA5k8B5fR93sj,50.0,p2pk,04710ee46af18cd83933418d3ddf20c7...
9385,2009-03-31,1EcqDmD3Wu5WofykYkwEVv6BhYwkJaA7JL,50.0,p2pk,045fbced67bc90bcf3d78ad5f1334981...
9386,2009-03-31,1FiUJ45bvDCfHAdqtPgr8CqNPPsZFvhUJN,50.0,p2pk,04542244ee507be3a5426916bad66fc4...
9387,2009-03-31,1EoUZMJapqQ3s4sdEB1xA7c5vdgYfMgMYH,50.0,p2pk,04667ae858d76a1a62a84a37b4b1f5c9...
9388,2009-03-31,1KHvG5NY8z3j7Cocd7K5hQvsoDsFPzUJtD,50.0,p2pk,043a9de8cf3892b0a8b56dcb161454e4...
9389,2009-03-31,18EfTp3yxuRoWaV3eatxnNdHKphXtvbqYv,50.0,p2pk,045c63fc0bc6bee3a589c015951ec6f2...
9390,2009-04-01,1NM7S1skKfTxzaNcHvi8n1PPpfA1HA4Pza,50.0,p2pk,04ecd93bc6615e4ad4a322cd0a9ca91e...
9391,2009-04-01,1PEaUb9FnYRcRggVmomehZ3NDyBGbf2Z6q,50.0,p2pk,049cbdc7f93e31f5dc871c37ae65593c...
9392,2009-04-01,1AWrSdg8xN5GD7KJ3uF3HMbbnSTiny9rbv,50.0,p2pk,04f08a51d271f741384f144cb6aa1e24...
9393,2009-04-01,1AC2Dit4zZdpP8kDCJF1QsA7oyxPDNtCPp,50.0,p2pk,04c90352abbe1983a08338af7e5858a2...
9394,2009-04-01,1ijgi5ViqrJsxi2DjM3dQqwSgEMAe7bVQ,50.0,p2pk,04876e95211554978489b1fd620feb7e...
9395,2009-04-01,1Euaj8E1ADh55pXngipHBWJrKty5HqWoKG,50.0,p2pk,040f9449ca1b528c14d4926b9b3246d3...
9396,2009-04-01,19XvKdeVjjsJQw2czAJ11AT6ckEKRNzyqa,50.0,p2pk,04416b833cfc9cd4672f08eab782c6fd...
9397,2009-04-01,1HRFAZ6heKsaZCLti4BmGUx4hB5GX6f7ei,50.0,p2pk,046023d202bb77f91db8ded5fea28f82...
9398,2009-04-01,1GpKKbxkgwPqCA86a79nQHcQHku8rXMn8f,50.0,p2pk,044d0dd3e3bf4ef1b0647b5e8942e4bb...
9399,2009-04-01,12yUJSDBoWQdu3BUwL8DDkpqz6cpbFyn94,50.0,p2pk,04ccdb45b72d22f147649bf333b8eacc...
9400,2009-04-01,1L9uh73HUyL9T1FCG2ssSeQqc6ni5FVgD4,50.0,p2pk,04c37ce078318888fa997342019d709f...
9401,2009-04-01,159PRp8QKMsBwGiguCYn2fSRK4cPCpxsJe,50.0,p2pk,04d1f1c79cb5c0c2834d7a835278d724...
9402,2009-04-01,1ARggo8R1ii6uocKmhtSfKC6B3YY17o7XT,50.0,p2pk,04163b5ae561f698bc42068a791d4079...
9403,2009-04-01,1MPijTHrJrfQ3TE8cQRM3tgDannLDWn58d,50.0,p2pk,04437fb0a6c72466f16f136a34f020eb...
9404,2009-04-01,1NzGTMK6yVcXDeZ5uWHfE8AHMJodq9XWrT,50.0,p2pk,04d0c7878ecd1ea30a91028912ab278d...
9405,2009-04-01,1JDZPCwMutSU3Nhe4SF5mCTXBPPZchDK4d,50.0,p2pk,04a4bfef8b39ebdfb76c431d28d3db43...
9406,2009-04-01,14wHztJN1F9n5X9nsNnCWSwEeGnCenuDKG,50.0,p2pk,04e17669216936df68b638bb487ed87a...
9407,2009-04-01,17HGwMoTvprZrquGwcbESRp7M11AeMibLN,50.0,p2pk,04709010b2cc40eceff0793ee1daf6d8...
9408,2009-04-01,1MGCi8SVQ68ngRAg94BUBwab3viXrUKSiH,50.0,p2pk,04d52a2f9b393f262fc12694149ac3d9...
9409,2009-04-01,1L7gp2ULAG6cWZmrt7rjsf4P3WDYmPWV5c,50.0,p2pk,04388cc5714bb231028a2bb8174472c0...
9410,2009-04-01,1APHc3eU2KFggbcESNxbrinP4a1Hj2vYkT,50.0,p2pk,04a8a95f3094aac9733e51fc786a2fa8...
9411,2009-04-01,1Mt35o8AkgBVfF7ebGTC1i17s3eKDQgyGD,50.0,p2pk,045ad5d187e6158342f9890faa8f5dcc...
9412,2009-04-01,14g6VLWqvznc661JkoT5fLWkBNSRr98PfH,50.0,p2pk,04a5fe8d9dd4151c045428695ad001ca...
9413,2009-04-01,13HoT7sHaC9NU1WNP5vyX7sQELFrYBCozs,50.0,p2pk,043395d0353982675af975a36204be0e...
9414,2009-04-01,1DqVkEzSqzQrjU8g2Z4NdvYzFhtGDLKgYp,50.0,p2pk,04614c423716cd10663e3afd42c0469f...
9415,2009-04-01,189mcMzghQxvEaKj3Ag2qr6Pv1b9PwhxcG,50.0,p2pk,045b71ab449ddbbdefa36071f62b4d1e...
9416,2009-04-01,1DJcmJCEJcK3T7NviunPqHYrp6eAM1KSUD,50.0,p2pk,04df39b8e0861ae15115ba698fac6be3...
9417,2009-04-01,12PdYChRm2Qq4CqeNBcoAz73VTHx9LUPEa,50.0,p2pk,047f5b09ab27e913ba0bcf046af581de...
9418,2009-04-01,1JFQCJCzSvqVghtMhK54eMCRYBZGA75vLp,50.0,p2pk,04cbae580571e04bca9b13b9ed88f2c3...
9419,2009-04-01,1t5YqQ8hMdT7T2uawkgLGHbUMC88WXfxt,50.0,p2pk,0416cdb004b3681035edf17171ba25b7...
9420,2009-04-01,1PQa2BQnqhHTEEV41fkcEGkmyEpQnJhUT2,50.0,p2pk,04e387dfbd7c58a827532fb5ebc60483...
9421,2009-04-01,1CdAycK6JRPE2KYnZJCgVAptrjGiefK3C2,50.0,p2pk,0475dc0268c13d96f488762a0a12e490...
9422,2009-04-01,1HaYgxwfupRzrSwb54uWsMa6UsMpDC9TU5,50.0,p2pk,044d7ca7b3183ede9e9a98bbe1da17c8...
9423,2009-04-01,1Jvka6QtfUsq2Gq9RuCuCMXLQPhRGHrRfz,50.0,p2pk,0446b61289081f50a4beb7bc9d2d3111...
9424,2009-04-01,1JrCDLQmnj2MCxe1XtUbQLRu6CF9u4nYny,50.0,p2pk,040f230de6f85050418fb8eee706e720...
9425,2009-04-01,1GgQatYh8LpFpfRCVxP1ZWmRaGViqRkNDa,50.0,p2pk,0430f63717da551245ac1ea5f2b0d8d9...
9426,2009-04-01,19FN3QeU2hdx2X4QrVCZqXtp9AzKMvGnJ,50.0,p2pk,04546439ec44ced72c777fb11cc3d272...
9427,2009-04-01,1N6w45zRhjZZxS3Q2fXnrjMVbXygmYtmR2,50.0,p2pk,0408582a9c95117a1352812cb46c8e23...
9428,2009-04-01,135DqxuEhRWLkC9YuKajr7VbKRjUDKpzSa,50.0,p2pk,0496def29dde312a1081cee2b371e8f4...
9429,2009-04-01,199uHURWems3KRGnbSVB6pVNhXH3EpktZm,50.0,p2pk,046fb2c532b199bf1a78773ac496b5e3...
9430,2009-04-01,1Ee6GkroTBxnV2KD6yUahBvjc3VYurA2mX,50.0,p2pk,04d61e4b3590c5a36139f798e7a5eee9...
9431,2009-04-01,1NamzYJ7QCKNX9bRruyafLFLTmNwfWmMk2,50.0,p2pk,04b6b827a0d17aea20ffb52488750660...
9432,2009-04-01,16SDqUffzs4MEp2fo1zqwtxhpXfByz4XGq,50.0,p2pk,045a75bb88ce580c3bb2c1e4418c70ef...
9433,2009-04-01,16vEG5x8uk11yimwSGrj5LsR3yn1XenC5S,50.0,p2pk,0446161548950830eaaf2fb241168dc2...
9434,2009-04-01,1NvL9FeRzunM3Pms5T5hdU543keAmke5sC,50.0,p2pk,040568f4094644d4fe6850fb43bae59c...
9435,2009-04-01,1JCWgaWGiGWQQySPv4Rn8QwybeYy2KWjvK,50.0,p2pk,04e478f12b624915b526350fa3b7d4f7...
9436,2009-04-01,1MHCN5yp9SdTNhGg3TPfe5GfQo4K2jAXTF,50.0,p2pk,04a19459ad1e232a390423454da3523b...
9437,2009-04-01,1DMQrph5j2Uua4jhgGuiZE4ssMin8XEbX8,50.0,p2pk,04456452a54abcbdd27540251f3713d4...
9438,2009-04-01,14moeseW7YUQff1fjwB1SLaiDYvD2oobwL,50.0,p2pk,0418153962b3898c17ff30d92ec791f5...
9439,2009-04-01,1KJdaoHfuW7XQEDxVmZFPuNtWu9bAWWAN1,50.0,p2pk,0443c7f6c80856c45f108902499ac82b...
9440,2009-04-01,13ZFeREbKKsHz4QsPFHmDyfNwn7r1stP3K,50.0,p2pk,041c4de3f043cbfcd6aca97c3a13ea41...
9441,2009-04-01,1C48pDdus1UrL4EWAnTwkrG5yzBbeotC13,50.0,p2pk,04a2b8ec7c339b411b587f7c0771aa27...
9442,2009-04-01,1L7Bv1vrzcdsYZZwCxqKNx5GHcLWRYkaM7,50.0,p2pk,04589b3a78928acff6e6b88c6ee1e9b7...
9443,2009-04-01,1hMCbF6WFFYdiuMj117Qi8L3a9Ry1VfVy,50.0,p2pk,041ef2ab22147b1d3c0b0daf65ac3c8b...
9444,2009-04-01,1FiL3sRDDaqpyX7wdfpGWrkBTokzpmNRV4,50.0,p2pk,04ec8d363c5911f648d0c4ec2866fb66...
9445,2009-04-01,1MGNEKqCZjSzAuJQytkiSjJeh3ooJgmL1U,50.0,p2pk,04212fbd3ce0641681101dd6d6365583...
9446,2009-04-01,17eagZGdfcKyepWAxMV5iH6GKEd1Ua7FDC,50.0,p2pk,04707b8fb8abe3ddbc02eb00449eb7cb...
9447,2009-04-01,1GLw3HZ59kmKsf9zZJUsiGBwmuZjgptzUQ,50.0,p2pk,046c1c08487ce3a6f189e9771f399952...
9448,2009-04-01,1KHLHpiXrpUUuANrFHPnFPJNwiYmHuKSDx,50.0,p2pk,044bf6bc23efc9420692fce5b72a6577...
9449,2009-04-01,1EZweEwCCKVYEmvj6Q4jCZmQkyb9EgfiWL,50.0,p2pk,04a65fbe116b7e2ea382de5290119cd8...
9450,2009-04-01,14Mdq7uw1UYyRNpDbuzpFHTeS6dtnCR1po,50.0,p2pk,04d9482f5aa56b6be11d2cf1440f703f...
9451,2009-04-01,1HKcME6yKcVuQF9wdmfCBiNf8GTdC8Lj2E,50.0,p2pk,049fb04ede1070e458474cf8b38f4f60...
9452,2009-04-01,15DNtRNzhR5QPck2STy4vpQM6YFPy6ZG8a,50.0,p2pk,046edfe379f7fc2340c0800d20e646ab...
9453,2009-04-01,1KXCZsrj5sxKgJYtQ5hDqMnsj3ecdFZZpr,50.0,p2pk,043a09da3c02bada0b4314ee270129b6...
9454,2009-04-01,19JZgEdMg1S2cxAjZ53eZQK7FinGN882rh,50.0,p2pk,04cf2ac4fd402ecf54059c59f40a8319...
9455,2009-04-01,1gc9ofUh56DdTY9AWDCXgBrjCRSFRYuh3,50.0,p2pk,0410d118c5e38c88c4b35b675246462e...
9456,2009-04-01,1AbSJG7F6iYQoy9APP9xoZNmHxWshbCTFG,50.0,p2pk,04d0c4f9805af3d45589e89c631a942c...
9457,2009-04-01,19jDNuQ8GZDXLtsR8uNw9Hp7pKGDn1aabi,50.0,p2pk,0431048bce249cb9e1690206ac7c0ca3...
9458,2009-04-01,139c1E9XXUDaeQwEA2tBXd8DJoPdx7dTQK,50.0,p2pk,04ca54450a484acf7dedcc9e8d168376...
9459,2009-04-01,1MBEnZ9Vx2UX5PjGm9VYbeg6vWz65FBiZR,50.0,p2pk,04d7112a1602ae80a8724061c146b174...
9460,2009-04-01,1KG9TUkk9zJJjDtTaaWjYxB1ygdVB3M8nV,50.0,p2pk,042ea4c2bf880a58b7c45466d86be02e...
9461,2009-04-01,15XMVi2f5rsjJmKyiqJwhHz6TJFVuVfvjM,50.0,p2pk,043ae3970dc1b2ef0714ddbe13fedb08...
9462,2009-04-01,1GzZ5ANY47K333gf6Zs7U6NWPhQfzt3AJA,50.0,p2pk,048f17b8a0fa328637a94bbeb538f2e2...
9463,2009-04-01,1Haj73NPGdPt5p1f8yAqnoRigwUt7HoRQm,50.0,p2pk,04b5856115cbd851bc1a4e84d776c99d...
9464,2009-04-01,136s9G2kLtvAvfYkTyBr9NvMXdqbocEuJ9,50.0,p2pk,04b068d2949a78059581d4b69a5363aa...
9465,2009-04-01,1FnsgB9H3SZfHNaehK2kbKuobP9G2cYBXX,50.0,p2pk,04b4d0114d136d3decfdd6b1f54fc26f...
9466,2009-04-01,1H2yCWtdhJLcr4Za1BmNpdDJHyReQ6xVoY,50.0,p2pk,04f457dc76ecd1031a891716cb585543...
9467,2009-04-01,1CHS6BzuJeDQeYjscY2P8GnraeAWpvNJeD,50.0,p2pk,04e9d9de5140cfda360fa961af10bd95...
9468,2009-04-01,1A329GHHbpcPWwB9xoFRukXtkQ1s9qVGpr,50.0,p2pk,043d6ba247dc2558503eac6b44933cb3...
9469,2009-04-01,1NeGHx9f1X28Us1o2hFoXwMgg71zms2p1D,50.0,p2pk,04311887cc6f7a8f7a8aee027e8eb691...
9470,2009-04-01,18XTG24xmoZP5HzEFVbxkvfsBh8D1SMvdt,50.0,p2pk,04e3251961ed3d6b37a41341dd403af1...
9471,2009-04-01,1J87GoTByTLxgkMe4g4MTKyechfyd5Fu2H,50.0,p2pk,0498b1337d8a68aa0c96e625a8e9b46b...
9472,2009-04-01,1MU6maEWWkELvk9GQ1i2mXgow9Z9Bmurmi,50.0,p2pk,0424472953243f91967e1b7b0f985efe...
9473,2009-04-01,1AvhB64c7fPVye55QB8QvZJsY7k2teNa5t,50.0,p2pk,0425d043e573e7d9920a3bbc6eb191c8...
9474,2009-04-01,1B72gYHoGVoFfqiDRGL2V5jdz1Svqtd43e,50.0,p2pk,04b70477d369e97db003cbdd94f3cec3...
9475,2009-04-01,15ok5vAuvdWUTFEkXY54SAoqRQY2qJSr2v,50.0,p2pk,042e0889daa2e5c4c2d9c31e2eb64107...
9476,2009-04-01,1PYRna2iS862xCKdX34TNLCDXT7NEdo3Dx,50.0,p2pk,0498e863ef03a78560abfa0e6f5fbdd5...
9477,2009-04-01,17WfGtnv9SfuiMdVzxY9AAekRkQUdMM5gA,50.0,p2pk,041da3ad493d44008a148204f17c8c97...
9478,2009-04-01,16Uf7tPY43DAep4FEwkR6vtNEgp23BXaQA,50.0,p2pk,049e3a4cf48d523f467ba952b0709c75...
9479,2009-04-01,15237Ldtnbbp93V9ECny53jZHfqs8ULw9C,50.0,p2pk,04dc739b0546f0df45ea46eb061603df...
9480,2009-04-01,1CcMPsXDU51h9JDnUs3zAzopFRqpH3qt46,50.0,p2pk,04ea84c4a08ebc71d55b78e1c69f9fcb...
9481,2009-04-01,1E6uSGV52e329N7q8kUHXQjT8ymt4fyU3R,50.0,p2pk,04beb42956feb9a04eb731d9c7bc8266...
9482,2009-04-01,1MR9SG1cVH4WvFQU7QmBLjPuZr1K9YUpyG,50.0,p2pk,04cc9e9f3883f3c8283e753fe21bd7bb...
9483,2009-04-01,1GHf7YpdVjxRzKbnpUkYuFjiYkGmC9tk8d,50.0,p2pk,048d96ef0b28a823753b5cc80d5cb4fe...
9484,2009-04-01,16nRuJ4oFB5uk2mTpA5tZ6EAYc3PpVTRd5,50.0,p2pk,043a04e5752b2df93c2aaa8ab7048742...
9485,2009-04-01,1MrGZLeyhXypdm3DTq6A2xFnoJEZDZWZ6x,50.0,p2pk,04790f8c4a90ccb9450b7c0d92891edb...
9486,2009-04-01,1PVm1Kq69WSLZ7gwPWUQQAUsX2mHkVibd2,50.0,p2pk,04ae5d17468ba35003c91885e3b8150d...
9487,2009-04-01,1JQjgPvxXNnWZM8PVechs7CTqURN1m4KFJ,50.0,p2pk,04ac10294f8453789423c070bd7de1a8...
9488,2009-04-01,1KNPfggKTRXp5ELUye9hAN32Q9ViaYZGue,50.0,p2pk,0435ce414eca1f6a7d3d0bdb1088ee86...
9489,2009-04-01,1Topfze8H5FnmvXMGYKChZUckgAaVkWnv,50.0,p2pk,04384bc4aea7b2f22e317d1d2e91921c...
9490,2009-04-01,1BZeEw5JN1eqNvdkq1QvibggYshSKPBYh8,50.0,p2pk,043603c618c0ef8dd94453055f1d8e35...
9491,2009-04-01,1FUxzRkAv1bGY7MzSttjXkxp9eh4pEQbtH,50.0,p2pk,04e8c7fbe1133948b801ab025eb0fab3...
9492,2009-04-01,1CW7xDHudsizyp9S7MYJyiz81y2qqbqpaf,50.0,p2pk,04e35449bb73ea113686ac02159ab455...
9493,2009-04-01,16cuNGo5gxpvshxE7RpAPfQoZeRtqo7zQr,50.0,p2pk,04bc68f661bcb8afeee60d838a8824d8...
9494,2009-04-01,17twHd1vQx9cY9ghA1rNYZcgMQtD6A1wUx,50.0,p2pk,04518b5e0d5d2d2f525861906a63cac1...
9495,2009-04-01,13NFSRPEwAHtHPoLKZEdkt7nW3gX62w64j,50.0,p2pk,0459a8a24d108495dfe3551207c6b92d...
9496,2009-04-01,1PDGkeojrmBuZnyK4csdtPSZzFyZ6JT9jv,50.0,p2pk,04c615e264aec5b06372df81a4202eb1...
9497,2009-04-01,1GotUPpRx995pMCqZuquSQ5tkQbbGo5CXs,50.0,p2pk,0402365344f610eb5cac14f0d049fe7a...
9498,2009-04-01,1Esg19AnU1bodpSXygHrTHJzRBXdmyQmK2,50.0,p2pk,04c77c76f5e19818be0d990e6d31e5ed...
9499,2009-04-01,178vqbKxThpm4yT9393JPTAQwPLpem2v5A,50.0,p2pk,049c702867aeef8af817ee56987d429a...
9500,2009-04-01,1LqJJVb3wb677Yv6Vkp8uvCopTVBZBbdyG,50.0,p2pk,04a5f2d1c0b3eb7cbe06c27757ee51de...
9501,2009-04-01,1JjJ6abojLFQU2fnnn3YTWBPabm9na13B1,50.0,p2pk,04dd6ea89ab0a5ba4063ae3f9ab159a3...
9502,2009-04-01,17jL1uyzqkypwji7SBZSGNmRq9Zv1bbJjV,50.0,p2pk,04927edfa092cd63682c45902f440d78...
9503,2009-04-01,1DdtsGuaPNqdVP1vBdBasgYBkbsiu6szoG,50.0,p2pk,0499e8034a9d19ce94cf697c4d770d6b...
9504,2009-04-02,1DB5MiwiABtB4dTPrX22nquqNckQ1G5BbM,50.0,p2pk,04f1833e365e43a975488bf4c18d7d5b...
9505,2009-04-02,1KKqfYrrM8oVXUFTXyq9sL6ob1hoMYoQVV,50.0,p2pk,04d756eaea7160a1fec382c5a8825392...
9506,2009-04-02,1tCEaPaPWJWiFdieV4nFvkALBJe7Dmf15,50.0,p2pk,04ceb0c5b342ad30e59ec1619ee2dd6c...
9507,2009-04-02,14gs6qkuzXkcoMQ9bcLgqVkchibcH8S2vw,50.0,p2pk,04d1eeb620813d50ab9d7d819450e75c...
9508,2009-04-02,19VHaTw5Xe5HQ2SBiYJdxYGKXJZiqAA5zD,50.0,p2pk,04d646ec8e5924c2b7a9632c03c91f6d...
9509,2009-04-02,19ekj49HXfjq5wta9whsqCW4tjkaezRcXJ,50.0,p2pk,04c7574f20d8cc8bf8c49d3424670589...
9510,2009-04-02,1scm2hCjsyCWFq7uxRmmse6F3TS1VoWiE,50.0,p2pk,041a67d8b4797180b695e78c1fc78d84...
9511,2009-04-02,172m56HeQRxNar4rr3K1VwymiStmsXitsy,50.0,p2pk,043510054c27ed625bc1791a5a4b2f28...
9512,2009-04-02,16G1sWF3iCseZVQekH8C8Wt8dCnjctAP25,50.0,p2pk,04346a889888c19f47ea1d99f1e5c28e...
9513,2009-04-02,19jCySacWNBYatuoWnNnbMAEEyUvfSje6V,50.0,p2pk,04640ed540818b84fd57102738f1371c...
9514,2009-04-02,1DieA2fLQGokUvTyhrZUJ4d8fy2nf2DntX,50.0,p2pk,04b4096d08db72e1a4b129b0e4df5610...
9515,2009-04-02,1Kboj5NgU5thMQiZwnsVkXASCFDKXQhBys,50.0,p2pk,04c6a87efe9b33eebdadf13c05531ce9...
9516,2009-04-02,15dxnpyZB6bvXkAVE7dFhLqqhf6PgReaM6,50.0,p2pk,04450d49d5f1322752ea2c71db33e0d0...
9517,2009-04-02,17PTZ44v5Bn2mLgrA4mHLn6qQaAM3gr62G,50.0,p2pk,04ce1d3141f6cb77b188b8c0768d64c0...
9518,2009-04-02,13djtZizph82dZmRDXnh6MPvnyZf4JpjMN,50.0,p2pk,045f2be5a27c9edc9c1b52ece28193ff...
9519,2009-04-02,17tS6WcGGM1uL1R6EeqbUsWn1U4F1J9RSE,50.0,p2pk,0418759d70e2c268881df233624ae48c...
9520,2009-04-02,1HYdp2p3g2VgouSZjtwEHYH6Ftnr6o4EJX,50.0,p2pk,04f6a6a96fc70b2897f3d8e2a81b7523...
9521,2009-04-02,1NYpXAqwuN5gKHykdiXHkyx6C18Z28ncV7,50.0,p2pk,04939d01d5a3c69fa29b75cc8c25114d...
9522,2009-04-02,187J2jYiuuTu87AfNgxBWdSUrAfv6pvtDN,50.0,p2pk,0432258994e1b11ba28ee42cea610e13...
9523,2009-04-02,15BtkzmjbXHzJJQEZrADDYJZRCN5bgeLeQ,50.0,p2pk,04c3eaea2b231b04686c9be07d3fab97...
9524,2009-04-02,1FAgYAakrESEade3VkAdi1wphPWMSj5Moh,50.0,p2pk,04f083fcaaae204cd71ea478ca352916...
9525,2009-04-02,14fVC58voMFVJYBvJdmDf2eK4yke7WYBVZ,50.0,p2pk,04e640f45378a789fb1f5990401dd5fa...
9526,2009-04-02,1EKP8hFmdHYD8aNNk4w7ekqioozr4TtjUS,50.0,p2pk,04f34367bc3a4a8f2f6e826745826c66...
9527,2009-04-02,1PMErLReKXdh1AsgFVLLgX6xMKBkTpxZK1,50.0,p2pk,04ca333faaedcdfb336c5f1c07ba349d...
9528,2009-04-02,1B1mbiUFRr5Gi8kYkb6H8pa5bYbGYMfBCb,50.0,p2pk,045afff19b5a6b0c2dc17941750922b2...
9529,2009-04-02,1AGd3Z6BRF9ajKv2rW75tFWNC6GZ8LrhmJ,50.0,p2pk,04d5deb529b04f950e81ab74b0a3edda...
9530,2009-04-02,1M5xuCLZcpczzX39tHjs2HPqkgSRxxiboT,50.0,p2pk,04d8b096914091d3eec06b3ff39be06a...
9531,2009-04-02,13dHjkxvQis8gsDJXJC5LcAFic4vEJSj3k,50.0,p2pk,04455c7b97f53814a711046358d3cc9c...
9532,2009-04-02,1HWKGUWM28fw6q89STFc3ZcwvTKFZd8xJu,50.0,p2pk,04a04875d56977b79d9338ad1ccfc856...
9533,2009-04-02,169sWpuNukvHv9YcBqrG7AQ16DnbCDbwAA,50.0,p2pk,04564282e07f438511df3b2ccc85809f...
9534,2009-04-02,1Np7NnSpxy1NaL1tn7ExdAcuy3DCP7E1ih,50.0,p2pk,04d3b9845b44355f0345000c6d6eb181...
9535,2009-04-02,1JxyrWyvJ1FJdhL7ST9qzGiALTgyN6QW3w,50.0,p2pk,0411e765198d95f99b88e623f186aa5d...
9536,2009-04-02,1e2a7zwG4zk31XM33CsQrQEuYLdQ3gWcf,50.0,p2pk,0486678b1bdb8e0fe4706593d51bf23d...
9537,2009-04-02,17d3G12gcmyEPZTRo1rzR1iiujCorwsu3d,50.0,p2pk,0495eebf93dd4fa97a095dca3841722c...
9538,2009-04-02,1NuCsJA8fUL11e82TnsjNGVuNhx9qvPCEr,50.0,p2pk,04151cdb0b1a58a81bd9ff16f02d66f4...
9539,2009-04-02,1B45xropV28mfHYydpT4iH6s44oCea4YAr,50.0,p2pk,04f96ec30d99233086196ecdd9756654...
9540,2009-04-02,14iTYeQbvVC9oMLANqX3bzGXa8v6zv6WJD,50.0,p2pk,041d5ae6547f653b2ac73bcef11b9d1e...
9541,2009-04-02,1Gw2ykC3aRtnAYjk332E53LKH1KVEDfx6h,50.0,p2pk,04042f76c30569adeaf34f2492db3bde...
9542,2009-04-02,13QpQ9DT5HsDdjsqnZgYYpM9EooNcrvrK3,50.0,p2pk,04ebef4486bc79d706a35df109c45226...
9543,2009-04-02,15Ut9PzAd77LKyGLeLXKankKRd141mNUYS,50.0,p2pk,04594c354e9b9e9076e4d8b9ebf9b84c...
9544,2009-04-02,1Jon2SbXuGnPJvzrnFwvqLgCkGwxvvFwh9,50.0,p2pk,040121c841149dc7e9d8d0a87a1f5887...
9545,2009-04-02,19bYG2ubCgYWqkJX2gy4SnCYkt9sP7CLyP,50.0,p2pk,049573bf9611d39f15df20f5b5e9149e...
9546,2009-04-02,19v8AfWuTA1EuLvQQoQTficHqGpqWM4QUf,50.0,p2pk,04ff5db11a3adf38eb95394831e379fa...
9547,2009-04-02,173cETWyxoB9nTX4MH86hMWp3QcPum771V,50.0,p2pk,04785e44bbedaaceb53ac23c7753c4ff...
9548,2009-04-02,1DzqaLQivj35bfqoH3DUuwTYPPNbWuKxyZ,50.0,p2pk,0491c4d818d6403f03c227a86af512cc...
9549,2009-04-02,17Y7QTNsJvqd9xEhZvxnoJd1YPZNdaRt3Y,50.0,p2pk,04e6c99b88dddc3a8d4d129d861df724...
9550,2009-04-02,1BZEa4WfTHXSvH95Z6abyPuhFyKWzdUk8W,50.0,p2pk,045634e69d8692e3882a74388bd97453...
9551,2009-04-02,12QetyxWCaE3QPCdXtXGdEPX5FJ88Bg1o9,50.0,p2pk,049782571d71210284ebc506f367e3ca...
9552,2009-04-02,1K2NZ6vajfodZUo2RRtLpxMNWk94DKZvjA,50.0,p2pk,04e591df1e4021860bfe8349f2118e22...
9553,2009-04-02,14BLVmHjaWe8S1SwYQ1Qgp4urf6tE4mL5u,50.0,p2pk,04301edb2b8dbb42bd8b3d49438c9fd1...
9554,2009-04-02,1C2FCcSqHhN1VgW4SP4CuCiGp4AmcREcYe,50.0,p2pk,04a369bdce181ac458a7813e2cc3a588...
9555,2009-04-02,1PRkkmBJSx2fr57pgeBNjeGBab5Wn3M2YH,50.0,p2pk,04bc0c95d44b4b132b7d9b7b3fb77a17...
9556,2009-04-02,1Kh7GQ7HGFFQUYy24nRMvpfF75MSPiTK4P,50.0,p2pk,047799ac381557d6dc25a2993788ca83...
9557,2009-04-02,18F7HyZMcrEb6vPNqGCo2Mq2rERpWdLA4Y,50.0,p2pk,045d00ca15d0bb1bd3369930793ce783...
9558,2009-04-02,16BFeQJmsGXYZpS8JKizEztLEuyXrEmFUr,50.0,p2pk,04dc2bf595a1814a9fcc86f3e015bb5a...
9559,2009-04-02,1HVTmikQesGJTZAp7igszfULZYkd91ir4W,50.0,p2pk,04c479502bfe74dc6b6dcb827b34ca8e...
9560,2009-04-02,1QE4wsJ1rKmAVexvM8oTnE1u5SBj1DofTD,50.0,p2pk,04957f5b3c59f313eda8d66fb42fda0e...
9561,2009-04-02,1FM2CTYJf8GaGTSwdTYv2rmYNmHWh58PaK,50.0,p2pk,0460fba0ae7a7ba2818ca264b6f93e88...
9562,2009-04-02,1MW32RpXgFeo27s5S881xMr1kgZrWLQS3m,50.0,p2pk,0476728ab690a9e5cd82c9f64067b101...
9563,2009-04-02,16bWRaLvuAnqJRyGHWWSnTa2Q6MUD8SPPp,50.0,p2pk,0444815dbcaed103e6183226355c52eb...
9564,2009-04-02,1MQwA7MD836MSdwJqZvssDdcLoniRoT4Th,50.0,p2pk,04a372d0300f3ab41d56d8d2102cdcf5...
9565,2009-04-02,1Eoz5sDUYtS371piqDpGFSj59Py1RrGva,50.0,p2pk,045fcd91042d4c1731fd4d941548e71d...
9566,2009-04-02,1548oM2Es1wxcJecSLtFjKKtC9mE4yLmXV,50.0,p2pk,04b63b7be0cf560c9d73a2f8d3f9701a...
9567,2009-04-02,1Mi5NzVmeAmfrumEJCqx4xASDabZ2nd9xQ,50.0,p2pk,0404329ecbd569501dc504e6cdbf961f...
9568,2009-04-02,1NazT2vbamy8vyKUNoVat3toux4VhApGdj,50.0,p2pk,0425b61dec3686632cad579831200019...
9569,2009-04-02,1D1CcFSYy24jS69NHsaDBMuAn2gN8zqbv8,50.0,p2pk,04319c4f9bfb514cd0f14f9f75a6ab91...
9570,2009-04-02,1PF2yBhJYWeUrDp2FZjDU9fTR5xitg6ppL,50.0,p2pk,040a6221e426de68d0022c8e95d1d481...
9571,2009-04-02,1HyeRmQDaWXosU2DX6KVahsYNiee6pCUXq,50.0,p2pk,048b06a87e377b17eedd169509984157...
9572,2009-04-02,1MTcBn11ZYX1wEWRgAkodM15WFkrjVGjpP,50.0,p2pk,0463c64b94547d8997593f3c25a3242c...
9573,2009-04-02,1KSk9iGyL6tEfEqr55Kerqz2NZtLteNdgu,50.0,p2pk,04e87e7051b19ef9368dfe809b64e534...
9574,2009-04-02,16QDMz9szuNi9LnwYXFsYaFwMo3MHo2SGz,50.0,p2pk,0424a547423bd1acefd053ba914b2691...
9575,2009-04-02,1EVW4GJG15dLKamgnizfWFLscpSUdPaM9k,50.0,p2pk,04e7e155788f8d82864cde4df52337ac...
9576,2009-04-02,155SEe2B6QDLeMYuYDNnMPtkk7KApymxNc,50.0,p2pk,042a7b8962a0a8c2a697d28ac9cef7ba...
9577,2009-04-02,1DJp3qQT82YxdXVcDX4R4ixwVC6DeQNVFt,50.0,p2pk,04127e3ca14bcd4ba0bf957a89d2e63f...
9578,2009-04-02,1QBtEkAVcTobCgkJHZTu2aBd2dLogAB9oX,50.0,p2pk,04af2dd123de17b1f04f08da852d6d77...
9579,2009-04-02,1GzLG5WYQzeTcQRjEtUDcuPDJ4BPZ1PFe8,50.0,p2pk,04b5ccd487f775b2d20529fee40a0ea2...
9580,2009-04-02,1Q2xG1wfJ39va2ygGRd1tA2xdPsERQa4oQ,50.0,p2pk,0458546de9f3f6b178003a98777dbbdf...
9581,2009-04-02,1MQv4BhyZ42cuGj5qPzzxcs555HFnJJ6my,50.0,p2pk,04a6a13c5a5f7b597047cd782509661e...
9582,2009-04-02,1QCHfUTT3E1rd5D6gJ8kfgBmitkMcb629C,50.0,p2pk,04a35f94b7d00cd6bb65e2cb5003b514...
9583,2009-04-02,1BeuaysTgzzK3VTZ93Yty8RXPDAHduSmVz,50.0,p2pk,0439eaec6c366c1d48982ac90623e71f...
9584,2009-04-02,1FoV3xx9o2tPpbJcpYc4SCRxefuxBnQrcW,50.0,p2pk,049a46c5c6699678c1930218a95b6cd8...
9585,2009-04-02,1GDrjPc7tjTwdmfiEB2CLjVsQjTvJ5Tdet,50.0,p2pk,047fd329754c87671de7caec8ec6c805...
9586,2009-04-02,18p1Rqg2pC24dZUeHC1a1DQmkkDRq3K8iX,50.0,p2pk,046e842234d67a330c5e4ec8cdf9f771...
9587,2009-04-02,1LDTveiwp8CTbFjLcTezcnAuTLJUdVh7hj,50.0,p2pk,047f64378c512b8b8de9db7aba1ad425...
9588,2009-04-02,1JQctXVt5QQUnLKxq1TGEzn8CPkkWKMwyX,50.0,p2pk,042b9a35e7e4e6bbe2bf6673e8f7090b...
9589,2009-04-02,15DGSBf4eEbrbPUApxJQnnfpXWmoNNJJEJ,50.0,p2pk,04c0978a5f30569bf70b84d55919a806...
9590,2009-04-02,1MWb8KBjRWS9zy8FmELeDz9JBtLC7Gjfe8,50.0,p2pk,04889b28c26cd3997c656c016b91da01...
9591,2009-04-02,16iGQfK19siU7M4NpZE9iHDQZL146HC2Tj,50.0,p2pk,0421be73353dc8b5265dadffb8e37d5f...
9592,2009-04-02,1MbKX6tcPjHdoFnP6kXFSzLjH5vHiZogFj,50.0,p2pk,04b1726d4b796b48fdfc2aacc18a7745...
9593,2009-04-02,1FynsUwoLmBgnAZ85RmnzcY1buFcFVsJFH,50.0,p2pk,04d24f9e972b608e00ea98ac98ad394a...
9594,2009-04-02,13YoBK3N77CPzxdBhzNDepdaMhXmweBBhM,50.0,p2pk,04a651d44fd2adb7ffdf5f67cc6e91bd...
9595,2009-04-02,1MoowQkEiZ7zvAswvP5mLmeEMuKitKFPsa,50.0,p2pk,0418c62810b757e7d522ab7e58686c24...
9596,2009-04-02,1JY9gcKxKny6RBaxPzCfTSZML9xTeTwJvV,50.0,p2pk,04e21e409d80f2ed72ae937e79ba15df...
9597,2009-04-02,1FfuWeT5JvPsu6AviB6AujGQ1aJ9BtGDCK,50.0,p2pk,0420e5c0ed5a6c7f8770877064736f9b...
9598,2009-04-02,13iBw1UtNfRZYkWFygX1ER3LQKvbh92uW2,50.0,p2pk,04171d68a0c7a1843a7457a83381a139...
9599,2009-04-02,14GNPCq9T46vJeqKn5UBnDYaYgKuVA5zpJ,50.0,p2pk,04baa8371e31f1e41c1ba3a97f765323...
9600,2009-04-02,1AmWXy7zs1PXqMUKY2i9bG3bNhgnc1bmbv,50.0,p2pk,04e3a853a4cc1c944df491a295548006...
9601,2009-04-02,13L3PyZzGYNwZZLwXSWcTaWJaEFq7HNdWU,50.0,p2pk,04cdbb8e33eab5eb937f52a699caa809...
9602,2009-04-02,1EYtuoHwYo3EEpqgFz1bh3M7ysJqFozLXe,50.0,p2pk,04054d980a1f5e81ad4d813c01d4194d...
9603,2009-04-02,1KxA8WG4C9Kdk9ioKRfwhwVkCVXvw8wTYU,50.0,p2pk,04fede0350a0c4e22c68737a9cb2b3ae...
9604,2009-04-02,1Po8CXGLi6Z6ZyMA8YV66qLx3b8ZwU5GQV,50.0,p2pk,0408c18e0614a4b46b7b374e77886645...
9605,2009-04-02,1H4CJxMHaWcx2GW5t75F12sKcP7KTaHsry,50.0,p2pk,04da40e38c9323f7f2f03a8e42e6fd57...
9606,2009-04-02,1NLFYD8XuFDTjKtUgLDpQdpwCXkhoEthwy,50.0,p2pk,042a34fd6503ad8b602f3e657f7017a9...
9607,2009-04-02,1DGSSf3NVfyvQ2xcK6pDBmBY9MfMnE6rNM,50.0,p2pk,042e15259e7ed40715a1f5bdacb0f458...
9608,2009-04-02,1ATQGRPcnwectePLnTw1VVwgGxA9HG9tL7,50.0,p2pk,04bc23beafebc41b9b720de5e5837e01...
9609,2009-04-02,1ApqmKbYE8jywk8HsAeW9xhLmBy3F9kQno,50.0,p2pk,04e8612404c8a7d00e90372cecc9eae4...
9610,2009-04-02,176w5zMM9n1Qk27KGbvUw1JYv1Vz944uKo,50.0,p2pk,04c86cff3e113aaca13d3e3986e74f36...
9611,2009-04-02,1Ddu7FZXArYrvR813qbQnHxHmpTBxuzDep,50.0,p2pk,0419ada5c48b5be619f93116063b9e3a...
9612,2009-04-02,19NJpjsDcUNkkx49QMaGLw4pxxKE6hfMMi,50.0,p2pk,044d3186162b3f18f6ca2b2ad8a0048c...
9613,2009-04-02,1DGY4QQ4rTi3ti3bUyPRykTLQzFyZPCNtZ,50.0,p2pk,04a0136eb524966c0054b68191929220...
9614,2009-04-02,1MND7kSsReyR5cmorA5NwTzzhk3ok4jhzk,50.0,p2pk,04e963cc4e36efbe4aae0e6fb4f75313...
9615,2009-04-02,1HDL8vxZhT3zQiXvxUMHCZTQaqQ6RVSLwQ,50.0,p2pk,04d37c97224175482732ebbd64bbc648...
9616,2009-04-02,1DbmzEgX5WE5wWgTYbWJbyokYDRx1QCgZ,50.0,p2pk,04463dea4aa692532a39e1fcfc578927...
9617,2009-04-02,15V77ppDK3eeSu4SMSpzw88q5Utrwd2Wzd,50.0,p2pk,048c243a1be76fbe5f8c80520e0e76e4...
9618,2009-04-02,1HjGqw6QnFgy7qJW9o8DeeWkCUeUzaGbjn,50.0,p2pk,043069d22bb10c50083f87ad9a8ccc51...
9619,2009-04-03,1DWJiZPGpY8tsqTuW5LfRen8fa9EisuuS,50.0,p2pk,04f66311a03bb11226f2ef641beaba47...
9620,2009-04-03,19gyKX5buCV89o6iL1yJy3NZDYy52L2wBY,50.0,p2pk,04ff30f965474d2834e7623d2cf9231a...
9621,2009-04-03,14ZaiqmkkUw7pnqpffWerJU1dJVRVzmjRx,50.0,p2pk,046ad9f4f9c65b8f525f9a8c29560220...
9622,2009-04-03,1Dhd8Hh81tv8QRVW2LDsBygLkqzqxHuZ1r,50.0,p2pk,0438bb8efa3db549b76c2b674cb3467f...
9623,2009-04-03,1H1JWBcrtnffFJSq3b66wkdi2nCsMkK9TX,50.0,p2pk,045aa492eea86eda3eab006bc6c1edb4...
9624,2009-04-03,1AbdjcXtywrTB2YEnBG39unQkXZoX88y8D,50.0,p2pk,048e0f72c5fe3f10082ecfa4910909f9...
9625,2009-04-03,1Nda4fzPmvRtv3mhKKrr8ZkrLfdfJgEBu6,50.0,p2pk,049010148210569b045321cb01f933ac...
9626,2009-04-03,12LSiiJqR26yp1C6bcFemyzSK1iSUJWCVx,50.0,p2pk,048b0428a89c74fd66b655258c85ece1...
9627,2009-04-03,18q3aWdyZ9vCgwBX3Hrbp1sFCn7ArPatQa,50.0,p2pk,043b6c2d3c2ed2e8598976925b72b63a...
9628,2009-04-03,1Lod45XuVBU5q1SDuS1z7yef9dhWaBPWVz,50.0,p2pk,04d2373b731b09a46270b937eae362fb...
9629,2009-04-03,1B2zN4srn3ebs1Ax3NXKzrW1q4MeNL8fvM,50.0,p2pk,0478eeebf22608f22984e852a8d035a6...
9630,2009-04-03,1PfaMVgP5bSXPCv6a77PgKGCTpfZSKhfJs,50.0,p2pk,04571e101f9f1509e5e6e525f1d090b9...
9631,2009-04-03,15HwMXYJPocgk3tPsbWa4GkR5L9e758VAT,50.0,p2pk,04b49a9bf0b5fc4357486276f6eb2f8a...
9632,2009-04-03,1CWe6TraipHxWVApgkyteTVDm6PvtjjA1x,50.0,p2pk,0411494100e9acf20118f59008a60554...
9633,2009-04-03,15xXQXGJjinhKisfnW2E3VBuKA3gMQbRV4,50.0,p2pk,04542789f2b5c69cece08685f6ea5a07...
9634,2009-04-03,1NrR8dx8N48R48wrondx8M1akbz2Th8JkE,50.0,p2pk,04841e038de0c0054cd3a2a1d52e1049...
9635,2009-04-03,16LCuKK924xnJniBHM3RkrC5UwgjWZAzoo,50.0,p2pk,046528e1b362db6b6b1d9684f696879c...
9636,2009-04-03,16fvWRH9FpPnnQBo4e19PQNHcxJQmLt2zu,50.0,p2pk,046c636aa3bde5d10947bc0756a0ae49...
9637,2009-04-03,1Nti5HxvnSMStmj7TGZBvj1PXozgrGQCBE,50.0,p2pk,042201ea4679c4eb624a5503ba31e0df...
9638,2009-04-03,1CvdMHkNF3YHNU9kWwAkcvwJ2N13AkyYZX,50.0,p2pk,042d2abcc428a92c370d625b76b24c73...
9639,2009-04-03,1An265q7xYJaHahZVGW9uGpUBLr6tiFtu8,50.0,p2pk,04edb2ea0ee1362e36200ed6085f1326...
9640,2009-04-03,1JLdxCNn5Kbc6oLB7L1CRSWQwsynaNZoBx,50.0,p2pk,04ed1cdeaf24d2f1406e464ef1236406...
9641,2009-04-03,1PouqKenyceRaggFRFvLAkW6rE1iDRvecA,50.0,p2pk,0419071dccc142086ea0028debcb53e3...
9642,2009-04-03,1MKR3sApQEWVHzF5SXUGRtELo3aWQDnT8K,50.0,p2pk,048442d9399b6b8c5be05c35978930e3...
9643,2009-04-03,18TKLSQCB26ETtnZ3jpP66tQHfPe2NThdu,50.0,p2pk,04a9a6078fc6c94572a6ba0b03755c03...
9644,2009-04-03,1EdQoHwXQRQfftDDNeqctGBpAB22n2FNXD,50.0,p2pk,0443a8a168d5ba0e7a530cc62171760c...
9645,2009-04-03,1JVxHNwVvtWXkcvUTJMRttJdgd9TmiKkFJ,50.0,p2pk,046236cc1154693a85f0ffb186b3a066...
9646,2009-04-03,1DtuEvQpTD6HsPHJQdFXtrQs83hf1GNN3h,50.0,p2pk,045d859e7fe6238e2f7c10d0be49a917...
9647,2009-04-03,1CfRzwdLbqAzNDe1xhCpZurZTbX5MV7XJX,50.0,p2pk,04b2a790da28976cf60941e9f9044bc1...
9648,2009-04-03,191uqXYdojRPKY1ztFkTEJUzrJ8dc126Pc,50.0,p2pk,043768f6033dde8f40d455554b4244d2...
9649,2009-04-03,12wwhjLF4B13uwxZwnXTJEorBT9uSRjqai,50.0,p2pk,044101313e23a4e50da1fa95b34ccd8b...
9650,2009-04-03,1DZScJGxaiuY68JYjMc17fGBMxpit1v31C,50.0,p2pk,04d1062c465b96763328f13f8b3b98ab...
9651,2009-04-03,1FaYwefCwwTRKGRpBhtwLLw1ZApXkq7Zvi,50.0,p2pk,04dcc7f0be75b79fc7794e3d0933bbf2...
9652,2009-04-03,12ELnAdTV1bQAwoXPKpyCirSuWmaUBtjTS,50.0,p2pk,040d34c0e278ddec64484a5369474836...
9653,2009-04-03,17hY6fVFugTq1itYt5tNhfxEZVyskxRWwA,50.0,p2pk,04313ca7588f541150572109e2ff67c3...
9654,2009-04-03,15aQaWpJdQE2jXaQ45uehkF2AkF5UG51cN,50.0,p2pk,0476586d78a9b4a7683da5f5af472662...
9655,2009-04-03,1CUwmj7B4kWvnGitCGoUaD95DEwtZ1CvAn,50.0,p2pk,04f72e51f6ff71fac86b43b42815deb7...
9656,2009-04-03,17bCJAJX277u4mXQhF3RVQP7fc4AM1f3TR,50.0,p2pk,045c863389b61aa09a93feb324b37120...
9657,2009-04-03,14CwN4xYyp5pkdyQ57tRksu76Ezc4NAp7U,50.0,p2pk,04ee5fd846e59c33354c938868552dc3...
9658,2009-04-03,1DrWDaSz6qcNPFmGhTcAYGQ3vytvo9pKb9,50.0,p2pk,048ba4c9825e9f53b4dc659e579ad348...
9659,2009-04-03,14wGh8Hvzv5KfuYabs8MUMxCD41MVmTJuo,50.0,p2pk,047b037ec86586fcae8075ba60a22a08...
9660,2009-04-03,1B8398bDtx4raxXPn96mu1AX9RqQJ7brVJ,50.0,p2pk,042302007e36b1a7dfad4e338b33945f...
9661,2009-04-03,1LmFUxcDGgTmZvThE5oPQD9Dae1vnWv4aG,50.0,p2pk,04e2dd7097baf01cc5b60cb744cf4d95...
9662,2009-04-03,1N3DxtZ2XZRAtNe8hpmpFLUT36BWjCMscx,50.0,p2pk,04963f4df7ec266973e3fff4d650e537...
9663,2009-04-03,1EKjVHpHapcdjjhMwCLEgUiQSssZiAvkC2,50.0,p2pk,048f5c7d6840b2cf58c38f20cbd4612e...
9664,2009-04-03,1JsFBsgd5mNLdKUFtUSUH7jgqA7a5gpnFG,50.0,p2pk,040c2ae460ec59bdc8166591590d5d09...
9665,2009-04-03,16cSNHG46EkSD2SwSfqCpuBUjyx24EqvdE,50.0,p2pk,0473a362f4dd1f1d2ff1e91bdbe78520...
9666,2009-04-03,19JLPk7DPuJqHBA2j4UCMwpgWDkwfUwL2M,50.0,p2pk,046560f6af4125a3472b9a047b4f3f5a...
9667,2009-04-03,1GBQ2Tf2rJ1uxJD7mzS1sskwqcgnvm89UH,50.0,p2pk,040de7fd5ff4f2bc12dc5a1f34184c74...
9668,2009-04-03,19XPmgiesatiw6eHv5bKUnfhU5nthFwUCS,50.0,p2pk,04c4891ceed503f6a14105a337ba15bb...
9669,2009-04-03,1Gih9GLAbQCnZtR916o4aTATxBZ4Xj42nP,50.0,p2pk,04063e86dbee5ec00d966239aa64d20d...
9670,2009-04-03,1BtvdSfPQ6Loj6yvZQBWk28dmi6Nb9A8kJ,50.0,p2pk,04a87209a834dec9726e393c6e697e7b...
9671,2009-04-03,13ZvmGXc7tkP4etxkaEzVfXe6dztdDu3hQ,50.0,p2pk,04ba9b56eb7ef7fc5f249d5ee7af94f1...
9672,2009-04-03,126ikm6aTShFqpY6Lrtaow6E7mfjnGEgi6,50.0,p2pk,0465ed5f095904b1979bd1b92479639a...
9673,2009-04-03,1JuPy3f1AWo71L7brGDXhG9JaKrDuYmRZH,50.0,p2pk,040812708069c38ebe333363e835c1e4...
9674,2009-04-03,1CE8FiUhsZED9841Jf5kJW7tswFPMfZ4kQ,50.0,p2pk,0401bc98237123c74b18a874522022de...
9675,2009-04-03,1PS9sG3WhLmwZRbQfquoaDf93ip6PjDnQA,50.0,p2pk,044fbe815311ad8be12da88028a695d5...
9676,2009-04-03,1Hqt11Wmow23o2J5RqpwVQLNxuqLvVBm85,50.0,p2pk,04c7b0475c9d8a14bd89a4558ec59715...
9677,2009-04-03,1DAD9eAsvGkGkpVvg1FP34gsHBgz5Aoa7p,50.0,p2pk,04fad31d12095067be4d3f91fea378af...
9678,2009-04-03,16nQjikQ9RYXdXGzToqr2raiTHhNf7Lmj5,50.0,p2pk,04e2db5d511ea43a66539b8f7bd8967e...
9679,2009-04-03,18qv64NoxTLSAAXZqWAnADiKdTkQEETSUt,50.0,p2pk,044307218a979936c75ffa9a49d8a09c...
9680,2009-04-03,128DvCTjW4p9M6F6cKxSVZLSaFUPTMqiyb,50.0,p2pk,0467a9b4542b75b4974a2c63163d243b...
9681,2009-04-03,19Y4xm5Bxk5spJPhVoMmA5oPaYQ8ZWXJuP,50.0,p2pk,04308b771295d58d3d224b3233215077...
9682,2009-04-03,15jrmA8V6B94Pz1qL6R8FewYdhfsiJjSAy,50.0,p2pk,044bcbcbf806e577a88033af95bf21cb...
9683,2009-04-03,15348L3qhADFHxfaqWr3YdbZPsdCjqwNMT,50.0,p2pk,042e61a0a5c3c95333ea59b14b652aa1...
9684,2009-04-03,1D7sAQodz46uNUMPfmfgeTm98GDXS2UzAx,50.0,p2pk,045157b9b0f413a6c0ca01bc20a7a374...
9685,2009-04-03,1PPkBgx27bAj6Tmzp24559efxxuphpRsqT,50.0,p2pk,04699d7f723ffe991186ccd16286eed7...
9686,2009-04-03,1Q7UyrkR5gzV2gfFNicBSJRe9oui9HWmE1,50.0,p2pk,04bd12292e94b9ad6a3f9767e53903b7...
9687,2009-04-03,1BVF3hp1r8UjXK4Egvptm2EXMixbqxd6dn,50.0,p2pk,044c8bb9c3b7ba65c62537c09913a4dd...
9688,2009-04-03,1Bo9skAY4wFW3JMGUcCRERnMkADkYqNQkx,50.0,p2pk,0482d211fe0850aa3d17e8eadfbcc77b...
9689,2009-04-03,1C5KCu8TivDLLgJAmbRi8SDzqdrZV3vArd,50.0,p2pk,04180605e84c578d9ba5cfe5997f94f7...
9690,2009-04-03,14Jk93U13g7WGSNDroJgX48xZergUxH1AN,50.0,p2pk,04060452019dfef0bb4c8f84333ce859...
9691,2009-04-03,13aSQUBNTEqH8o2CCC2PA2LAY2Ph4LE5ss,50.0,p2pk,040882d9da92f212b97bb61317ba674b...
9692,2009-04-03,1CKagrQ3jj41nihu6Ph5TfuxBGLvj3vbfM,50.0,p2pk,0451c7dcb07f8f26b9e2e004d375d0e1...
9693,2009-04-03,1KASBVn39iwE8h5WEUJbmjvViPbz1ZW1zh,50.0,p2pk,0450a077f077307e41d9853085d2f416...
9694,2009-04-03,1K3bRk44JszERshChTzpXBvYLvp1Lb8wZH,50.0,p2pk,0488fad6ed5a5c1d6eb6704f887c3f49...
9695,2009-04-03,13PioBM6AwpWBr5LaNN5cBT1w5AwNCAZyY,50.0,p2pk,04038a94b6f115a82fbf5643c8660693...
9696,2009-04-03,1J1qsXiV75WscwqRGNUedtwXwG6vgGR6AB,50.0,p2pk,04541385e98a15fbc9a1ff1321c55fb7...
9697,2009-04-03,1DCNU6N1jY4MdUF71tnYx8CXnNNpyvrzyW,50.0,p2pk,04b6818710ed07c8ac5aac1c9990c180...
9698,2009-04-03,1Dwbg9UkZABMsAeEZ8LqDUuADCj3bFwsWQ,50.0,p2pk,04fc837565f3902106ce9e2a7d996dc1...
9699,2009-04-03,1MjhunLfB9QaYV7hshFZhxYbCqQwd5774D,50.0,p2pk,0464c63db1c3bd7299202a4ccce702ee...
9700,2009-04-03,1BwBF8b4bwca3AW8MLh1KsHp7uUrFieU3D,50.0,p2pk,04655334f44b421ba9f07c7958cfbbd9...
9701,2009-04-03,13nC9PU1iXqjDXY6vKHNmPZgQSnNnuPdog,50.0,p2pk,042e149c016f27f0988e942dc2e4fa02...
9702,2009-04-03,13EJytCTtBF6ZCtKxf95nSeLPZ1Up27a89,50.0,p2pk,0465e3502d33c827568ef4a06c49b5a6...
9703,2009-04-03,129CScJeruSenCZFXsj5caLbrehUMkEFih,50.0,p2pk,04a7e8e5502923c91fa468a9af6bc0f7...
9704,2009-04-03,18gYRj1ext48BXscX76f4SdHXrun99HJ9X,50.0,p2pk,04470ef2850a3443f646635bd227ea17...
9705,2009-04-03,16nv7XKBLGKX4WfJzjXm5EzosJ1h4oamv4,50.0,p2pk,04cfd62b20b2441ea31cbc6779ccc468...
9706,2009-04-03,181Ky7fDbEipjv3ShPDcdRD75EjQTf86A4,50.0,p2pk,04ede64507f01dcba3681f3727550832...
9707,2009-04-03,1NcHo7yAQaWHPNNZweDdqUrHueKReAykjM,50.0,p2pk,04983a3ccbd2505298296dd3a74c82bb...
9708,2009-04-03,1GxH2LewPUxsLkpf4DV5zyWiAvJ6kMbUPA,50.0,p2pk,0498cd107cf26978938a7c5cbc141706...
9709,2009-04-03,1DbrsZ9Ns9g31YakNJdBouDQ4ABeZEu6ow,50.0,p2pk,046f285077cf65c51fb124cf86cd25e9...
9710,2009-04-03,15LFRgbfDaKkvPEr5HePvqyde8EtoH2JEF,50.0,p2pk,042ac4ca592f0d0f46ccf15e0ed35057...
9711,2009-04-03,14kLzr71rMAWhrSaBxqY5zWPCVBPtttsxi,50.0,p2pk,0480aa76ca94115534bca9596b762d43...
9712,2009-04-03,13xo9BJv1EBAdKPC5SiJfUPHtD9xVP8HpQ,50.0,p2pk,04862d4d877f13ff97b84af95a9f6c3d...
9713,2009-04-03,1DdeEdcDcPyYauNJtfiYLfuLum8PJvCHED,50.0,p2pk,045933e529fa5e07f8ae79b37a903db4...
9714,2009-04-03,1DRkjWfEU4ZVh1YtwxpWrvMAoCjyDvndbD,50.0,p2pk,04515e5c950fc9608bef955edf271204...
9715,2009-04-03,1Gk8YkqArPLA1wpipPgHAgG5mw17sP5EVk,50.0,p2pk,041af9b0a084809a769545a636835205...
9716,2009-04-03,1EQpGnuBR58gsH3eB64UC2AdwXdkUniFXK,50.0,p2pk,04358a0240043c3f2d212687be5c9514...
9717,2009-04-03,1Nks7Xpdc772Zj5sEGSfjWXXsboK2i9cpT,50.0,p2pk,044053c49a78c175c353b3e3145ad2ae...
9718,2009-04-03,1N2RsrVGwEnhKAkavCDXHpuLB4ATGPQdzR,50.0,p2pk,0432611c5bb3cd533254bd4245e7238d...
9719,2009-04-03,1DMgKZ6WvxKNM6kntTKZeWXejHvNm9XmPo,50.0,p2pk,04eba4411bdb4374c781a196b745128d...
9720,2009-04-03,1JsZ2TvUCALy3RMjUDYZecT1NFxAjtDD8X,50.0,p2pk,041700ec6f564770d6c344c42c5627d0...
9721,2009-04-03,146bWG6SYp3BTCRx4RKQZ5VHWLxkVwFYEh,50.0,p2pk,04ee154db11ad514690022c1f163d882...
9722,2009-04-03,1D986LKEzZa4WbxtgDUiqUboLTxh65ga97,50.0,p2pk,048079a6a925026fdb1cd8527ba60995...
9723,2009-04-03,1G2ebD8FPNwJVCxb4toJf1eM2PvYSWh1ov,50.0,p2pk,043952a53abdb64f14c093ff2adfc235...
9724,2009-04-03,12LMXgQfFPNVHwuPpg4mhXczEXqz8EaZj4,50.0,p2pk,0427a4f2d0e8c447969505ed65e182b8...
9725,2009-04-03,12nKB3tvZ4SFJhqWFkJ97T6WEW6YLVoAPF,50.0,p2pk,04fa87af4ba1123b410a9092566bf74f...
9726,2009-04-03,1Em9FPnjwTKHokW88Vc1HQNN8HT3V5hvpS,50.0,p2pk,0417085a1158346398370205f521fa6f...
9727,2009-04-03,1DimccjzhmFPNbcwzdkuuYwokhTC6wFjyi,50.0,p2pk,04aa3bc0778b2e38903e7663a6500eed...
9728,2009-04-03,1CDN16Vpz3k9JEfBUU3JASU6Rimxz3qStm,50.0,p2pk,0482e262d6622b5e9f406162cf50d8ea...
9729,2009-04-03,1gSbny3gVTZ9yJXAMkJnJxPFrZDsRmjLS,50.0,p2pk,044deac2cce5c11004d219c1aa530395...
9730,2009-04-03,1EsVaJdTpFY7Wm5BbhS7Zw2GiqBjhZQqHF,50.0,p2pk,042ccb05f5f382fbde4cf448ddf71fbb...
9731,2009-04-03,1FHRKL9w7aAudy1QB19RbsuzeGeUQQkCLw,50.0,p2pk,0420fd1426dcec456bdbe118f45c3538...
9732,2009-04-03,13JS8JvVsh3CV2NXBcLd6XY1JNQWpLXJdL,50.0,p2pk,0412535a1f0ef6cbf736e9fb1b3ebe86...
9733,2009-04-03,1ABiKfqVB32k9BVEbj51nvAWmPGtYjTgg7,50.0,p2pk,04ab876fc36ec9ffbe19d77880566685...
9734,2009-04-03,19iG8Voe6Sswz1R7R6kS6iEWCRcFdqQc9C,50.0,p2pk,046a3196f0e2b2cfb4d0e4e89c78f94b...
9735,2009-04-04,1E3SrMLGkMKVpT2gH9VGS3yVzidVcRXX2M,50.0,p2pk,04597da22e86b2546f746f939df6b466...
9736,2009-04-04,1D8cXKfvn8EXW7KCNqiNMNJGnEHJ4vDN1J,50.0,p2pk,04ef6780e9bd18a0001cbe20d56d1fe9...
9737,2009-04-04,1B3A2uqnru29QejM7aGzbraFkxB2fV62pG,50.0,p2pk,04544c9cada9d8ad6737b910bb8a3f54...
9738,2009-04-04,19Fj5pVvaHn5UqFNZdcs6ENST73gWUhVJS,50.0,p2pk,0408996364fe073d61dc042d5ff4f839...
9739,2009-04-04,1L8gVjwPtVPtXzgy14GobtcQpD9RD9fgjd,50.0,p2pk,04a1a3a081d55c35afd71232401b64af...
9740,2009-04-04,19rRbRgQ4Q7X9qJvYEJbSsRgqwAMaPcmLu,50.0,p2pk,04716f8d3209f5d60cebab227997f1af...
9741,2009-04-04,1KLQeSRkL6SkaCiyGLKnoAccU5XKAgeEGR,50.0,p2pk,04a725223c3793b27687a6e654985184...
9742,2009-04-04,1BNvJF8KAm7uFEUMYjRvSBwYisjsMi1k79,50.0,p2pk,0451cdaf4f9ee478208e0f40a78719ae...
9743,2009-04-04,1QLEz9mFhMRQCgi9fJUuDdWscnMsvepf3P,50.0,p2pk,046ef32481a949dd910347476c80cd5c...
9744,2009-04-04,1FVKrJThMfHq7KgZMDc3kLgCNK3qgY8WrV,50.0,p2pk,04503a1b28e4ca4e79158a4b3105dd23...
9745,2009-04-04,1DbCuRbyDNmHdCgB9UdAdTWvu8oSY68vRW,50.0,p2pk,04923299688df88cffa7f6c5d53b1b89...
9746,2009-04-04,1FfCjckXyFUAnQ2nETpNKebTYwouCrvqpc,50.0,p2pk,04f9d7ec3d62395a834df4c8d9e79897...
9747,2009-04-04,1KxH3yuZ3uyN8oFpa6dPVTFCPuuuNHt3c5,50.0,p2pk,047d7138197691fa6353060d53d39337...
9748,2009-04-04,12zbpQ4Z8t3dXhMPSzBCZpQx48FWFtzmTo,50.0,p2pk,04318ccb6356ce5e72f4ad06db30bc55...
9749,2009-04-04,1AvJSZhigA9Qwisik6tavvvDyXTtt4Piz,50.0,p2pk,0488212044d9d6fc0483c591111f1810...
9750,2009-04-04,16244DCHjn8g8G4yFGwwGfKE8nZxayyQtD,50.0,p2pk,0436de260f266f57b0506499c76b7fba...
9751,2009-04-04,13doB8YU9SVXKZeGQ17zusXeF4kxtKTkDa,50.0,p2pk,04ed107d4391e023c1a94662650872a8...
9752,2009-04-04,1LVCwTA3fEsWcAJaRifvU3Hjz975zsi3hY,50.0,p2pk,041ecadbc1d50a7d11e231db10fabcd7...
9753,2009-04-04,12D8W9T4Wxtouwg7ZrG56LSu6kbL2eVFXt,50.0,p2pk,043ac2de31daf3511365dfec3b00f69d...
9754,2009-04-04,1KEMbg2HnmWwpYEH7uhnqvvCdwg1JPfgiq,50.0,p2pk,04414df48643887ffc59333bac89ccfa...
9755,2009-04-04,1FHxMyZXzQ4oSVBG6VE96LBV4MbwfybCyB,50.0,p2pk,04c0eec9fdccafad189025034aa0f481...
9756,2009-04-04,1MWidSAcAr8wAnexDejmbqStJBeoBaKdzM,50.0,p2pk,048234997b080589c2596773696dc0eb...
9757,2009-04-04,1BfV29JZkpLmEV8Nfk96yGUwpFL5dzbCsH,50.0,p2pk,045a823c021046acebaf467772bc84c7...
9758,2009-04-04,1CNjdNB9qitooGmffUXoypKCtnszBudt4a,50.0,p2pk,04fc4460436bb05189a3f19d3ec0c08d...
9759,2009-04-04,1AKZDrGxFSgmv4wstbzjNSCcjUK2tAmXhb,50.0,p2pk,04905c9f472401954d3332fbf0b84803...
9760,2009-04-04,1G9zNKf9yM9vUpj2npTJm4f1M6yYGWz8KS,50.0,p2pk,044f9f91eaa1867f4921cfd5fe597249...
9761,2009-04-04,1HKpK7pmwHkKGELbHfzkpK9ZiPZuR3ntkF,50.0,p2pk,044a5838415ff5956967eda3681a4cff...
9762,2009-04-04,1DonwsALHDPyD4mAR8nKKApJbHyyjkiRAR,50.0,p2pk,04f5e2b49808821f309789370ae35149...
9763,2009-04-04,1H7cUd6McN59iPy9L4NeaMzApzWvCAhRxi,50.0,p2pk,04855feb760d7f71cdc10064489df169...
9764,2009-04-04,1DuBnjfi56VgondpQsEHjGsPywjNtEpNCM,50.0,p2pk,0422cbdb2c68d0096306e2e5ea012779...
9765,2009-04-04,1BKANCTtDE4H2j8R9umJhU5ZeQjbTQnTWu,50.0,p2pk,044012505545e5e1ffbf49ad1e7fa77d...
9766,2009-04-04,15AKdfS5baMHD26RVwQHjRPmDxLT8NBQJp,50.0,p2pk,04e2090fa39a0ffc420dce11a36affb5...
9767,2009-04-04,13a1F4UJ6EKUcNUPVC5hmHokyvTr2ivHhD,50.0,p2pk,04d7288aad6dcb0bb5aa5788273e262d...
9768,2009-04-04,1CjyeA1TqMrjimiNcYpMLZuSdT5Q9qXf7d,50.0,p2pk,04ebf00d1ab818ef92ee73bfb77ee352...
9769,2009-04-04,15iVje1KnWwvYDRKW4e39oAFnGYq821ZQt,50.0,p2pk,04e116a4d445f020f71a408c38bee2b5...
9770,2009-04-04,1M8bxrcQ3771S1XUvnsAFt9Z4UkhEXbG1z,50.0,p2pk,0418a6fb247490e36e22a83faab82905...
9771,2009-04-04,1Kfvcxg9m7RsPjttMdDauXoC4LMYAXqBZR,50.0,p2pk,0433d59907760651590e29b5af668671...
9772,2009-04-04,1Kpw2u971BC3qFQmavSUuPj9UZZoQhZNHE,50.0,p2pk,0455788e94957442c2e5918eb79f4a7b...
9773,2009-04-04,1Cbo5GyJGnqJ5p7k9Z9EXmNArmyRf1uawo,50.0,p2pk,0465e1ef4128418c1fc5f7bbfafa6c87...
9774,2009-04-04,1GzP4VEdQ2EMN8n6d1G7kgicAYfRXk17D,50.0,p2pk,040fe372781cc154f172773b06cc20fe...
9775,2009-04-04,1NTMhoec2ywwiKdL3BQgTjS3eL7aaP5wjw,50.0,p2pk,04350db3f49ec658c732c686b8a1b897...
9776,2009-04-04,1HecZDzYVVKmooiYztfUc5rrrCm7ZerLeh,50.0,p2pk,04deef2c2598377d1b57b7a8212f959e...
9777,2009-04-04,1Q4bFndHwuucWnoUzQgiqjf6BhfbwvZxL2,50.0,p2pk,0450e0a1bbe7066d289802cb4ec8d39d...
9778,2009-04-04,1NgbX9h8PauV62Gd4ZnaD4VRAVFVmU9YnZ,50.0,p2pk,04d3b4bfd92c4bc8404de4c5637b5d57...
9779,2009-04-04,14WN4DgG2aqvp965p5Cn1rUn6RFFwuh47t,50.0,p2pk,04636190777eacd75f484019b7cfc4c5...
9780,2009-04-04,13hDA3WtC9apWWigHVgFtTLpyWtHkrtqcQ,50.0,p2pk,0423ed7fc9b94e877315693aff8fd009...
9781,2009-04-04,19LBWUZXkND7uqSDXv665iJ1CXgbPrvhAq,50.0,p2pk,0431d72336253ac7e5a6e4d3ba623f1b...
9782,2009-04-04,14Ljomug53r8FTKemxSEMkPZjgfNEkWMdd,50.0,p2pk,04d35a1096f83a8a1d821862f16529e6...
9783,2009-04-04,18K1HiLRyapX4L2x1ZzR2c2Z94RLVaMLK,50.0,p2pk,04d6e1c95304392dce640b464b19a1a0...
9784,2009-04-04,17zfr42mydTsP9VuLFTDZDzFXkgAFgTQ6v,50.0,p2pk,04712f67fd0660576e87f6123b0028c5...
9785,2009-04-04,1D3LUFbG3UCVzdVEjoyoNY2TcEraMW7PeS,50.0,p2pk,04ada144d801b363f09b9ea1cb3cef7b...
9786,2009-04-04,18FEqFZivTReA9wNdBjHkVWcbmSTby6UZY,50.0,p2pk,0437eba24b0f0e8d804cf28f89e21814...
9787,2009-04-04,1FMNjno5a5bhAwGSgPfm8hsMQFb1oxT6ca,50.0,p2pk,040a7d2872ffff6047662ad5687e742b...
9788,2009-04-04,1CfPxMLaANhiQAp5UskYNb3ACRswhV5HYL,50.0,p2pk,0478e2d1d3251942be54475d39e5a938...
9789,2009-04-04,127h7cHYGzXeoQC8mvcanFXMKqcCJoKLqD,50.0,p2pk,04acc1f5676c7d3e7167e47e14f2f581...
9790,2009-04-04,1GZBduvDxBwxC6SSYs7mTof7GcSm347HKR,50.0,p2pk,04774f0db1fd673712be6637cfe08637...
9791,2009-04-04,1Aji38GTCetKjY6atVuBkoMModg32YWqUS,50.0,p2pk,04455471434fc280c24c2aa425b7a700...
9792,2009-04-04,1NtzZu3x9VgBbXoPYYWQHkQ12JWNsW6LZU,50.0,p2pk,04cabdd596caf284bc78b422cbc97260...
9793,2009-04-04,14DdAUBuqdJdwPsRiGjJK5bQjnEvwfR6Zv,50.0,p2pk,04703b3c16f6ef3c524b98ae24e2f1e4...
9794,2009-04-04,19i7vyDf11QUGp6hcbbqj7hKaj7PbVbnFi,50.0,p2pk,045db1c51a3a4806ab6818c2e1e20d4e...
9795,2009-04-04,18HbqyFaFAWhY65qfbo92VUtPN4LvhuqUG,50.0,p2pk,04946e0abf016a624acccc8b78a6538c...
9796,2009-04-04,1JQdVfjiJ8N5hpuvoy4Hxm3Zg96H9TQWS4,50.0,p2pk,0496db32870a22a178870a1947246fde...
9797,2009-04-04,16x9xnP2fDSN7h61XNLQVEmw2txp2mDZSe,50.0,p2pk,0488169d50948e4853c7aa4eb34ecf67...
9798,2009-04-04,186SHhnvwXB8VwQfxArpLmWZ9czRiCYqnP,50.0,p2pk,04c8255e81e35fd23a7c0f1df0b82320...
9799,2009-04-04,1GuchBRNHKf6pdVZPzGQdH8EVcAztH9Cvv,50.0,p2pk,04a0f9ba6db7a5bd543229afbc5da33c...
9800,2009-04-04,1CB4fendZ4hv89Fpc4ULfu8Dj5DKHoNfDv,50.0,p2pk,04588e62f58c1732ec7e85c1412fd7c8...
9801,2009-04-04,1L3efj5vaBo6Rus8j2947ADyYwrRWUZQtC,50.0,p2pk,04eb9b5fe3400175085a7a9636850979...
9802,2009-04-04,1447QgUUBNfZ94xnQ2DcaTudknA6q97ToZ,50.0,p2pk,04bc41c0f463571d9995c0ebe6751e0b...
9803,2009-04-04,1697AEC4cqnUU9jpT3bCdeZ3ya88s8jnFh,50.0,p2pk,041392d658e518bc0166be871e1ad57e...
9804,2009-04-04,16R6uuTdJnXXLjxBQFVziZZPVZnTi3Gpao,50.0,p2pk,049d6c1fe7cd22c8247617d2c7ed9126...
9805,2009-04-04,1M7tRA7npNtBey7VHrYr6uvoa2dB9TQuBV,50.0,p2pk,040b431d6e7977423396aa00c38a2d8d...
9806,2009-04-04,17PAdBABAQXHNRb9N4QrukW3Bq14AEVzeB,50.0,p2pk,0416713c045746d5157770086d650497...
9807,2009-04-04,1Mut8ZkTFuGgLXLP9acifWuPSAR7Tq6UfC,50.0,p2pk,041bc93cc6ca468bf1051f3506b6a92a...
9808,2009-04-04,1KnKmT8wvXLhLW5uaqqu51TydfF4ZgC1MZ,50.0,p2pk,041aa6a9fd24ebbb30352b045fa87888...
9809,2009-04-04,1MdyEkpYKW55MdJUcvkESQwp1p2XJZbSmG,50.0,p2pk,0427e458e8df8b2eec27af73b49ba727...
9810,2009-04-04,13B5DHnqn55Dfkqpqhf8DZx19JD7Z4zTWA,50.0,p2pk,0425963f9b6778b6309f999782a2545c...
9811,2009-04-04,1FyupPwMLfCJibuKvNPZ5r6abbaZNNQ8gD,50.0,p2pk,045e4c1fe80e92b742dbf2dac679b6cf...
9812,2009-04-04,1GikZ6KdETfcs2Z1uhXCLrPfawokpRuj2m,50.0,p2pk,04c2dec139a71d780dfb0c0fcd101335...
9813,2009-04-04,12a1JKRmNDA67SCTGYCmg2NrUBB6LuzptV,50.0,p2pk,0426457a09731f92e6b6b7b6483d5f2a...
9814,2009-04-04,1CLUj99puXXL7oyWxEHfUyiCAuoWxjHdWG,50.0,p2pk,04c12ca3a096589f56e94e89c3779760...
9815,2009-04-04,1HLpjVDZRqHwrkG9n8zHyFAi3aBsYxzBKf,50.0,p2pk,046d1d812ab5d28bf16dc03007108f4b...
9816,2009-04-04,1DxL4Q9C7YMyW1342hb9j98AmvhvwmeDZL,50.0,p2pk,04ae10873d6f417167df4b5dba0095e9...
9817,2009-04-04,1MMuHykDQjoJ44oNGS4ACrY7z88ojsYHTm,50.0,p2pk,0440a92645e99f102df3eb157aa4a813...
9818,2009-04-04,1Cgsnuk7M6XzX2NytwaPGYB4S4CySo7hi,50.0,p2pk,04529405c50a6818b6011f3225495001...
9819,2009-04-04,15CSxzLueB1FwA96XaebQ8N6PB5GRkzzeG,50.0,p2pk,04ac0fc85f3191f4394fab575ffa1d12...
9820,2009-04-04,1N3s9edYGEqFoFR1QpUvjK1YJCXeVzg4c4,50.0,p2pk,04ffb683f9da50ed19e585483e41b05a...
9821,2009-04-04,18hwGW8XWRzqehWiAHWXj7bgadtKVWVXeS,50.0,p2pk,04c1583eacde3c5845386a27a3a7453f...
9822,2009-04-04,16j1Dcff41S8FH6mBzJPkTLwwAJTWhuRs5,50.0,p2pk,047728c6e8c386c619317101a8b70fe7...
9823,2009-04-04,1GJmzymuJLmeqzhgbky91286GRhKZQFVYb,50.0,p2pk,04f66deeff60e8c7f7a4411c69264dbc...
9824,2009-04-04,1BGz2hetwsQSR1GtqjShPvbj8fGt783RXS,50.0,p2pk,0489ae750a5f57deb02a7a3ba84e7ea3...
9825,2009-04-04,1G32DPEMWTGgyg1VxLUx7M9XfhFRekmP9j,50.0,p2pk,04ce35fd5942c3cfb56bc0d4c7dbe429...
9826,2009-04-04,1NtCYUJrZfuJQD3G7gZWRiPC1b1CS521Pz,50.0,p2pk,04c6305edf88f59d521d828117c75c5f...
9827,2009-04-04,17D4t6J48DyAURdFagxtnpZZwAJsvJiQve,50.0,p2pk,0456aa13d110a6cb0e5a21f8019360e0...
9828,2009-04-04,17KErEXdmP9pJGpN3bmYVzakWbZzVLsb4o,50.0,p2pk,0414181923b39c4010d5a4c72a947f8d...
9829,2009-04-04,1B939jbcHG4zF5RjXHhwMRyK2T7v3wvbaM,50.0,p2pk,04b8f8c2ff9aa814ed1b6db604006d2a...
9830,2009-04-04,1EVudqxiLpck7zeK5KG9sxNxwX19eGhBwr,50.0,p2pk,04a5b028119df97547cff80bc65f1622...
9831,2009-04-04,14ddDJDjCuHF3tJt1Bjbb88QjWeimy4wpa,50.0,p2pk,04f7931b006587451ef6623994d6c5e3...
9832,2009-04-04,1LGy6R59QR7e6cpYvZFL2bjLcAEHzENCsy,50.0,p2pk,048fbc1c2101bae7093404e7732ee378...
9833,2009-04-04,1EL3saGjrnh75YtMZb1h8p4TPME4UTPXTf,50.0,p2pk,04021f545d3f4322d1ef8851bdcacd8c...
9834,2009-04-04,19PNDbpgKTAbvaV3TNs1HZinR29YZ4bSpN,50.0,p2pk,043170cd1ea39b671ddc04e221a464e9...
9835,2009-04-04,16u61q5ariVQAkzYt47xGeVzoTYmpG4ydP,50.0,p2pk,040a9715e95b315a488bccafbf294a89...
9836,2009-04-04,1Lv4pFLEfoBd25eDinzzny7QF4q5LLXo6v,50.0,p2pk,04ab9ae8237f8ab9908f092093db4cfa...
9837,2009-04-04,1JR1aVdjdUpCNpuiAjroARNTbGzWpDsqwL,50.0,p2pk,04bb93660f7179aea4cf6c669192d6ca...
9838,2009-04-04,1Mp8uGioHCeoBvRYFDvosZwNaMgC7QTqo4,50.0,p2pk,0493f40e43289aa5a54b5622db748e56...
9839,2009-04-04,1DShP9Zpe1NgbKjVuwCbV5vWCkX8g6FG36,50.0,p2pk,0434a58482eb208172c15abadb6ea7b0...
9840,2009-04-04,12aA37esMkBjNdt7u29vuEBVjfZn4qVt64,50.0,p2pk,04b2f6e9c0d16c73a004b672888bbe42...
9841,2009-04-04,1BUFpK1dX5UgBoRc8pz92rccZuwd6xTajc,50.0,p2pk,04231c80e1760ff4481d1f9fe23fb623...
9842,2009-04-04,1Gni8hxoYmjCMnqh8dM89Uuax4mT1r7S7s,50.0,p2pk,0402ebcb9c1db572d18c8059b11864d9...
9843,2009-04-04,18E9jDWkJwCnZaiFY3CkU1m4mXiDvbEiTh,50.0,p2pk,047ecad26e4e489f35c85c6dc8832a4d...
9844,2009-04-04,1F1BaHKKQVWT7VtMLsQaLzDyPzuNuwQv51,50.0,p2pk,0445e1822b0cc4589f359e9d31c0fefb...
9845,2009-04-04,13ZRJjHFH6hfeHMmcEcQk2U6ySr6zkBTRu,50.0,p2pk,04a2007fe7b097b853c525450851e3b4...
9846,2009-04-04,1BYfw3mH8x8c9GyTVdsTaXq8o2VYmj5Tp1,50.0,p2pk,04c5aca889c1b1f58295616de217fb28...
9847,2009-04-04,19toHiVryozWKPQyc1anqeHs3xUhbCoPZu,50.0,p2pk,04e83a132799af4b34a9b87574ee46ba...
9848,2009-04-05,15arpUhLsTrae2wmnrqGkW5nALPPhTMXYi,50.0,p2pk,041d8cc726627697d92b62a9660ecf7a...
9849,2009-04-05,1HDhcyfUftgAcpdNFxzXz9tVMxzgizrKtU,50.0,p2pk,04751c6f77c60ea7d4fbafb3ff585932...
9850,2009-04-05,1MZByiZjf9RGRB2NQCpwceTDq9HT1waYM8,50.0,p2pk,0426007f9c62e3c374c51410a8016288...
9851,2009-04-05,1C36zj19uSaiCfbqcDtJf9FiKnrjEWyLvx,50.0,p2pk,04a204b3f187cf1b333f71d4afe0e234...
9852,2009-04-05,1DpgMmeKWtrcTtCapAzakwoMCUSF8jAu7v,50.0,p2pk,0461f991153ca210f6d1d352041e2070...
9853,2009-04-05,1DRAuo7u2ykYrPUAZYEuRLfALmptgVChHA,50.0,p2pk,04107d78ebce664f45ad3c6ce4685205...
9854,2009-04-05,1F77uwQpKjVv8rKwZY5ZPtE8mxppDkfMEi,50.0,p2pk,0475fd071e980c5644062d9c70bcf5ef...
9855,2009-04-05,1CdKqtBuLteBBK1f1hMFhjzW8RbrEp2u4r,50.0,p2pk,04874e64f77ddadcdf21a3103a4e4060...
9856,2009-04-05,16mRjvV7zRiKFWYvXnmaqCFVAAvbxSyAPK,50.0,p2pk,04ffa8d502a3a76585a8ac8bcab8c445...
9857,2009-04-05,16hEtAQLieBVd7LibcHUaJjWuNWv7gapho,50.0,p2pk,04746f30260a12baacd69c48f12dbeaa...
9858,2009-04-05,1GZeRqEau1eqPrMufzv3qricvXn9aicKzs,50.0,p2pk,04ef8413c0aa6972c0ebd6ba6574075e...
9859,2009-04-05,18dhyTn9X1bEdyczjwr7RGm535WiLf7WhX,50.0,p2pk,04eb415c2e6f284cd76f7e96cdbe52bf...
9860,2009-04-05,1GyxaoUHoMurtmr6jDnJHwaVEHupvdhPa1,50.0,p2pk,04c58230bb42c99cffc5d1ec209fbd02...
9861,2009-04-05,141dgweYSLpmyT6WHpypyqG5uY38moZ2GV,50.0,p2pk,04e51cf15d6395bd2e32efefa5dca830...
9862,2009-04-05,1DWymHnJbvv2U4DXyht5kd8aiRQ1hA3nnr,50.0,p2pk,0449ac78ee5cba72d36d305223f9049b...
9863,2009-04-05,1GsoSbguDtWti97RGfMgdwsJozyYHB2LVT,50.0,p2pk,04f8bd26ff31a345293d3f5299650a32...
9864,2009-04-05,17UyyUbXXoAkwkTE9gkogFCjD7JvRfJFUe,50.0,p2pk,04c907df2bb362bc23c86e5d7cf8a7ad...
9865,2009-04-05,15gUAVqYxPJwshFoCr7RvY9wJ5DE7AEXHY,50.0,p2pk,04ef461940578a0404c032b1b0d71eda...
9866,2009-04-05,1BiXoBr7aFkCs2pJtHFRATSk6N2YWrKJks,50.0,p2pk,04c9c3ffa2a2825a78a7f025e2363915...
9867,2009-04-05,1PuPL7KNyeZtMFjm53994i42nnWo6eZfeR,50.0,p2pk,0486bf44c1a86f6efaf1b1fd99bfad14...
9868,2009-04-05,1J7VwmxytAoFWgWD6oiFtxJ3wBp4GjD3Y4,50.0,p2pk,0401566654a37f20165391f08dfecedc...
9869,2009-04-05,1Q1nqhcHV5SkErqwz4hQtr2t8bQtz6Yqzu,50.0,p2pk,04652ee29fe51ce1ad79544af04e23df...
9870,2009-04-05,14K6CqHmfwKUwvzi6ME8w7kubudaJFMHBU,50.0,p2pk,04aeff0efceee99e0b880ec0aaf86944...
9871,2009-04-05,1CqacUu3Ctjwo8mAGVCgUktwCZ43hBPxoo,50.0,p2pk,04c7be675995199f76481036f2891209...
9872,2009-04-05,1EQcQyEYJJ9QupSpiQroyxjatyjx9mokJi,50.0,p2pk,048d4bd26265903318819e90fae5f4a0...
9873,2009-04-05,15QfZ5fAp76dNsU2MDDmWZaBBmoHjFZhEi,50.0,p2pk,04db646c2978afb61245bbd01072cf0a...
9874,2009-04-05,184HjjtrZctNGe8Z1wGTSRkQMGRNSiKE71,50.0,p2pk,04a9a4fc9a75e81a45d7b55c3ccdab73...
9875,2009-04-05,1DBGodsL4FxCQNF1E8CAHxvSUrDE2vaXN2,50.0,p2pk,04cf9503e25bcb3f193f6ed20997b210...
9876,2009-04-05,15TCSe2WAJq9bDagAxMqaZM2YLzp2g37z9,50.0,p2pk,04f76e3776c312ad09154d68553cda5f...
9877,2009-04-05,13vGn6k2gQr4jpRSmWqUQ6Xw9KKeUn5uEc,50.0,p2pk,047a3d9c88d2534e78e5b57621441188...
9878,2009-04-05,17GYkZVLza3RBJXc6uZ87icxM3zAda296t,50.0,p2pk,045f8fa1acdd7018416cf64dee0fc6a8...
9879,2009-04-05,16Athk2zetC3zJZbey5AvLR5QfatZ6BVYX,50.0,p2pk,04d7258622e0c86672f32e2c5cfbae1d...
9880,2009-04-05,15sNF72XPqpgXornk6hzxqABUWMzdLp9df,50.0,p2pk,0421fa04758c64e13673d72c8def816f...
9881,2009-04-05,1MzjRqpxd19K97tFDtY2UMUTZNvUEg74j8,50.0,p2pk,0443507e4e8ec67b64231b6f88db7bd4...
9882,2009-04-05,1LNWkwKYoQBxo1henMiJzDFygBMYNoAmMG,50.0,p2pk,042e275e416094fab76c18bd430d21da...
9883,2009-04-05,1M3A3MnET3GD4ZNYykWhxhS4PFJheSVevb,50.0,p2pk,0492942c7fc55b85f03a0293129b5046...
9884,2009-04-05,1NzAFkJykuqSebrWZXn8tpx6nsQ73uB1VD,50.0,p2pk,049a5ed8ad4b5f89d967c6fef3c982ad...
9885,2009-04-05,16Vyz2JBFipebZJfX4q3sLT5FFuvMuxHmF,50.0,p2pk,04a30fc6b4acd29b7afd3d7b1895d244...
9886,2009-04-05,1BbRbRrwvepoUeAeBX5mQjrzSyiwTqCaiK,50.0,p2pk,04d4d4c9316aa9ae4217b8b52f618c99...
9887,2009-04-05,1EPbjGvMUydu9aTHgvsmR3mFMouNAxmqj8,50.0,p2pk,04ce002ae3cb5cf94ac2b8785bf5ccf9...
9888,2009-04-05,1Dwk8HzqVwyECJv5vS5QAmULf53DQJTgjQ,50.0,p2pk,0495d1b62f1d2527afe6ed97b8756a1c...
9889,2009-04-05,17KiFZqULYVv6QPTwR1Z8bx8yq9G5ceArV,50.0,p2pk,041cbfc9353bcdc32f73ba24bdabdbf3...
9890,2009-04-05,1FphMDgmTEgREqxZX2nw7Trt1c1VEjBVRs,50.0,p2pk,04567b3303a0f8dce9ca16d55dc6644a...
9891,2009-04-05,1EA9o2ibDq4HgDtn4NuYygCCLWfftRnPmq,50.0,p2pk,04921af89953b50f087955e591478f22...
9892,2009-04-05,15GzXYmauHjNarx4ifYzyJF2vmV2ygZ5cf,50.0,p2pk,04692fbb75e7665914c94fefa6c7f349...
9893,2009-04-05,1Evgw53UuRbp9YYXsH9FkvPEctdeYvZ2ZJ,50.0,p2pk,040dadfe522b220ff1d48a5be7c517d8...
9894,2009-04-05,156Y5nWqmdVCBHT6a6AHmyLiyvDe1W77gg,50.0,p2pk,04521adbeecf0b046abdaddd7f5a2490...
9895,2009-04-05,17G11bwefqPryBKdGUd5xVxKLJ1DDaJGhm,50.0,p2pk,04b467b714e18d3a9f1c24fb206a6337...
9896,2009-04-05,1LTxfpwaAMvhTLBiPeV8sYLMjRtZcJorWd,50.0,p2pk,0444d7a71885876e9a31ebbc2eb28214...
9897,2009-04-05,16TA72ZFzQTorf7HAYpQbrds18uF5q8oPP,50.0,p2pk,0463a676606a3c65e3a6220e58bfda28...
9898,2009-04-05,16g7Ew6sAxVZsBNenXY68BGLYkLRMMR9cJ,50.0,p2pk,04112ade607f4b2be152436ab0c07db7...
9899,2009-04-05,16iAt7zXLwU3q4bPQsSq1y8tqocUSzjNmB,50.0,p2pk,040398a288ed7d9b7ad28df624810dba...
9900,2009-04-05,17edwu5P3bJMryagTpsysQBYQFAy7TbARy,50.0,p2pk,04372c4218107d7f4602cb80910bef92...
9901,2009-04-05,1Ly5ZPJ84hr5wLQsBQk6jb7JSQzkkkCNxB,50.0,p2pk,04833cd5e6320b329928d829883ef574...
9902,2009-04-05,1DPDqF1BH2P9eRctCwfYctKSWqhuteP5Fe,50.0,p2pk,04b804b1b12df6c770ed7b4e89e80e0e...
9903,2009-04-05,19YDQpkNTZWRQczp3PKHujt9BuHV9nHzga,50.0,p2pk,0427714f5f162a2fc73b097ca5482193...
9904,2009-04-05,1KVcRUULNopQ8htJP9zXyVKuSeUVU5sxHf,50.0,p2pk,04b92f368735797fad3f9a814907ffc9...
9905,2009-04-05,1NeWe9NbZiW4nCKE5TgoA1Z5uRBctnGUjz,50.0,p2pk,045e5786c0299e83c84b0a13c8d05830...
9906,2009-04-05,1Es5gUGwm8vqPXDG6ndbZM3j6LdQwWrMvr,50.0,p2pk,0411b7a7f368780566e4d3da40bbf1c2...
9907,2009-04-05,16ZnzBa6jBr4FMy5VeVoVYWHxVnGn5Quq6,50.0,p2pk,047c8bfcaebf599fa17cc99e18f0fb86...
9908,2009-04-05,15G3hdFRVxVdyaYQrD6Tv8WJVgMYtEosqh,50.0,p2pk,044b5fb404384ce7f36d6e66437f4a57...
9909,2009-04-05,1Mmhh9UeuxGLET7fs7vLaE66XncMv9JsUx,50.0,p2pk,04f9e8e786d24aecb4ee70da6bbc99f9...
9910,2009-04-05,1Gja1C9fXzi4iRy1S8YraCzZ1Ht2wX6Kg5,50.0,p2pk,0453187ceae1bad8e457909aaf8e6b61...
9911,2009-04-05,1NXJivhwtTtp211H7sj71jX1qUx7tipMcn,50.0,p2pk,04e5b87e025d7dec2724ff09a2b9a632...
9912,2009-04-05,1Ba5S6scEXuVtZX2gfruWLkXp9HVvtE6vN,50.0,p2pk,0430f78728d37a120af9ac5cb1f10909...
9913,2009-04-05,1BJDBq28gRv1w7V8D7DYRUXxy37ZfT3QPY,50.0,p2pk,04e320496ca033c5b5bfb2adafb24e5c...
9914,2009-04-05,1Lviw1EnUKUCBxXB5XcPeq9tbDVXkspNYD,50.0,p2pk,043af3526365de3d7faf58c0d802f275...
9915,2009-04-05,14uf6qxkRJVMrUm6AnSma16MkpPLFBq88u,50.0,p2pk,0408578a82a4d51d112119e41ca6df8f...
9916,2009-04-05,1Cv4pUKJwiDfVR4GNCr6FesLBkDATWLtbj,50.0,p2pk,04c5b9ec31a7f24e573f827f3a9d9f5b...
9917,2009-04-05,1FGTUsjRuhjF1PZWZeXcnRLpZwxtu6iVWx,50.0,p2pk,049d206dc0ebabc061d027e1efa6ad67...
9918,2009-04-05,1Nd21DbFQMUzdmaB5CyTdQ3sWqjxiLffbQ,50.0,p2pk,047ff80188ab0041e9b6103336488049...
9919,2009-04-05,1LQhZWJqZGGQJNcMRUgEB38JpjJdGEuGgp,50.0,p2pk,048574c4ab1c99887854a8b25d0ae3d2...
9920,2009-04-05,1JTPgNyKLmBJp3ExrSCKdncarTEqnVtVjx,50.0,p2pk,040018a5148f9b3728649138b9b4a6db...
9921,2009-04-05,1AjCobdftchhkagCEBRpsiPU7N7VGUfywe,50.0,p2pk,044e23610682dac5945667a761ce4112...
9922,2009-04-05,1AB3XkMpmy8vmBS157F1PRZ15MhNeBsstN,50.0,p2pk,04d00f3546ae6c3e5777bc3ec5ea131b...
9923,2009-04-05,1FoGcZhaCsZynKg2LnsU3HzbiXgKem7ion,50.0,p2pk,04f9ab0574af44b3835dea51a038cd57...
9924,2009-04-05,1KnMexTbjHTW6JzMueyackXAZ8s6zrnz1G,50.0,p2pk,0414d96c420b9de5d48edd1d0642fe38...
9925,2009-04-05,1MaAXfrjTfhKeAHNpc7gkNPBqLauLbqudT,50.0,p2pk,04cfe1f519a287e8661c6ea0c8d7eb6e...
9926,2009-04-05,1AiLJcCUccmfHKrf6ZBjNdmExaHsiryUof,50.0,p2pk,04f3677a0749f7e55c6312b9a4280f6c...
9927,2009-04-05,17VXts1J5RxvbJBQhYv2HpS73CjYUGwQFr,50.0,p2pk,0447753c3bb4213f8883aa558dbf2f1a...
9928,2009-04-05,16P421cvbkZJsmV3QVTeUF724XMsF57Nxo,50.0,p2pk,04c5e73df46311c134f9132865066f1c...
9929,2009-04-05,14W5Lege1KxPzmPr4Eum1nf1tabW5aojD8,50.0,p2pk,04cc8d27b2b6704809703a36839ed34a...
9930,2009-04-05,1EakrsH7aK1Zxjo5fVG1Uoh5B9KD37vSrg,50.0,p2pk,043c3e61e0f592c24f4525590f26b690...
9931,2009-04-05,1G1R4re8armuRQbnYSezN3qZ6pwP6rqoc1,50.0,p2pk,0410307667982a3e04978ff83b43ca68...
9932,2009-04-05,1HTnTP79MzLHFh4QcXLU9824te5QXyh6cn,50.0,p2pk,04f24049d7b76d4f558944b0c1ab9b5f...
9933,2009-04-05,1Am4UXDtZ66fxeNAE8BJbPJo6o6Go8BWW4,50.0,p2pk,04315c738fd270048b910acfc6b055c4...
9934,2009-04-05,1J7CT25NSX9NuGHnQJrvjYTUEGHym1XRSs,50.0,p2pk,0416be99e7b1332c4b16e1d56f44def8...
9935,2009-04-05,1PbcwNcCTQz5FzkQST8MnZzJD3uhKRiiNJ,50.0,p2pk,04fea98d0ebe49f909a34ae11cd8f26d...
9936,2009-04-05,12Sepn7CNdDD2v5obh6WL3JZH1D9EeQbAV,50.0,p2pk,04008edf9e15899b616ca0b51c9b02f1...
9937,2009-04-05,15Xmd4bg1KFx5SwctgpxaCVrJXBs6Dfwnr,50.0,p2pk,049a55e71c5de2d37e5a65aa699e35c5...
9938,2009-04-05,1HJG2P1FLidttL61UJ8gsHHaEfGoYK1Dty,50.0,p2pk,04352fe504cde20ad067337253c82071...
9939,2009-04-05,1CF6fXKSGPRxhZx841McnM8HxEATZMo3Ft,50.0,p2pk,0421f06c61043e58da411f0ec439a0b4...
9940,2009-04-05,16Tj734qNUm322Ad72aWg9uCUqGRdFopfn,50.0,p2pk,0416732cd4910111760e13715ff03153...
9941,2009-04-05,1N34noWhMHF5LAAH9wAdncgQtYtfLka9CY,50.0,p2pk,04fa6ab5ac528dc136d39bf7b83b4438...
9942,2009-04-05,1CupyBwRJiiybukLFSZ8Y2AGu88hpX3j8N,50.0,p2pk,04e2969393c44f5938f48dcfd5ef8305...
9943,2009-04-05,1GoEhXB7YdjrJMqfy4hWzb8UoopNH8QfVd,50.0,p2pk,044d7c8c8de97acbd8c3012ec51f1d15...
9944,2009-04-05,1PrfGKFbAM46YkP2EivAVsooV8Szb5dQqT,50.0,p2pk,04299150643dc5706b25b9d02a54e6b0...
9945,2009-04-05,1EoStTvJaLkvMYZgZtysX4J7cpgC6Aj4h6,50.0,p2pk,04d4ff9c9ba37e3fc86a92b228da0879...
9946,2009-04-05,1LGeZiCdXn2UN5UwVBjUiCHWb2iMdts82Q,50.0,p2pk,0404db8a64f57d8bc42250f95dbf6476...
9947,2009-04-05,169iFmL4ptydSsYseVoL55ZiNgdhHm5kBN,50.0,p2pk,046f5c04d190b78b31ca9c9c5424de40...
9948,2009-04-05,1KA1nRhK8vQb7yXhFqjQiQPkjweNHa4QKn,50.0,p2pk,04a20d12340119ad6914f173f1a4f945...
9949,2009-04-05,12MfZDGgnve1nV2XxhgA23mSZupn8wgrYU,50.0,p2pk,0486a3c02a75e27bf2db0095883b5c57...
9950,2009-04-05,1GrbHFo56e2busvseJgfAjj6mAMLVeX16K,50.0,p2pk,04525c1ffc55ae2f6d8a37486a95009a...
9951,2009-04-05,1H7cpwVV7oXMg1URTSEtP5ufgu5Znt3Hah,50.0,p2pk,046bcacf29912a740c23876fe73ed930...
9952,2009-04-05,1LaXEqix6m19YWu1fNSh8Qf2QPRLxeHtGH,50.0,p2pk,04ca552717ce1c22d44eddd2610bfa4c...
9953,2009-04-05,1DaPExqZua5cheV3MQDn1oRofKjoPULK9t,50.0,p2pk,0423fb72284fd2ce2e6ad97d94b7d131...
9954,2009-04-05,1DRbg7W5VFXiHPBteb8QxqjtYwh3mRTs7P,50.0,p2pk,04da973bea02d90c8090f6a8dc01ca24...
9955,2009-04-05,19Am7mtTi3nnKFR5AAhkHJX9muNTgfSTrC,50.0,p2pk,049e98b43f0313d38a8068db623a4bb1...
9956,2009-04-05,1LbQdV7dyTuMmjQKvN1ZCMBwkhNeDqC5ja,50.0,p2pk,04aec52935040776593264a0c2c7ef5e...
9957,2009-04-05,1Pu54aqBo73ehH1vtu7jTvPZxNzvVdJTKM,50.0,p2pk,044139bb7c327a285e9d7ef90ca81e5b...
9958,2009-04-05,1HyaTDQYEitSy5EKhbrteMA27jw35SrryM,50.0,p2pk,0487a82a609fb5f4c3166f1538144b4f...
9959,2009-04-05,16RsHkfS3me5XB2HC1BHcEz4bU5thMR5MJ,50.0,p2pk,04b9e9709c267368c4b5579e2ce4704a...
9960,2009-04-05,19qZDfDF5h7MuSCq5KvpnbbihkfSxQrKt7,50.0,p2pk,04f395d75097ed730e42f8e4160b0358...
9961,2009-04-05,1Gg5dK2HKQywGxB36wNME5fEU5x8y2SQd7,50.0,p2pk,04791b5cc6c0487a569f05347b34fce4...
9962,2009-04-05,1PEYDtp5AaNT9bLh2z2AWP79nY2NNjtpJj,50.0,p2pk,04624a701333beb102f1de4ac6ebc565...
9963,2009-04-05,1BmTBfJXS4wupt2fk1famH3NrwKggYNjRm,50.0,p2pk,0451b9a4f771448c638b2d6918e7817b...
9964,2009-04-05,1GPCzD7GrMPuWSW5C8zq95tQLUR38qTnvL,50.0,p2pk,046ce921a841f60c9b5efd36aa08bc59...
9965,2009-04-05,1AxubCkzp5gM7k2zE9XdPuhyknXFz4daFS,50.0,p2pk,0479d8c1841b4aa3f73a315e6e05fe71...
9966,2009-04-05,14JGBme6cycXVuYHrfSsfAJbey5wfYukAv,50.0,p2pk,04c66504e879ab4b134d4e26101ba73b...
9967,2009-04-05,1JJx1ze7VKuxmUCefzLmUmB9V9mS79XKk7,50.0,p2pk,04951abe86f7bbfe378713b91c29272a...
9968,2009-04-05,13HtUYfxGrB8JHipbZxRVHdLb6ERBzpBfH,50.0,p2pk,04243eb45332800622b0693f4dbec0a5...
9969,2009-04-05,18V2pSaz2YC5VCiSKRAt89aSfeQKTF5jbt,50.0,p2pk,04cfa2957113fbf9a075636817a04687...
9970,2009-04-05,1BTVt4fwqEpQHN8WgFbHhhLfTDTDcyLtBc,50.0,p2pk,0470d23487f8a989f1e1d333c9001e8d...
9971,2009-04-05,1CCQhUseVhtMN3zgWrkiMLgnx5U3FcsHQQ,50.0,p2pk,041607716b73e024af19d04fd5e4a66f...
9972,2009-04-05,143dgDmjdK9drV3VkND1VANsixpvKs7PiP,50.0,p2pk,0433dd29d48899575054a10991a650d7...
9973,2009-04-05,1DV7mYT9TNpFinubJNXu5RUgFJmA9ajcYc,50.0,p2pk,0453866317c6756918a698b1c13126b4...
9974,2009-04-05,1JXfWGfzBvsTzHTpgUnCrntWV9HsD6Xgua,50.0,p2pk,04659a3b0676216a596930950a43c7d5...
9975,2009-04-05,1BTtVL8LLZ81KUShnErAAe1cNnaeXuwG3P,50.0,p2pk,046518e7135a95faf10b5134ad734054...
9976,2009-04-05,1ExkM77eadKX8tHoZkVYu1pizCjDxvgdsw,50.0,p2pk,0412bebd72963a8b64a77f6492d50525...
9977,2009-04-05,1PrtLS22v7H73t4KKhH2hiWcxDFK2XdZiH,50.0,p2pk,04767d2d9f91cccf89b52acc199d5a31...
9978,2009-04-06,1BgXbyqYqvBnvFtMfZrkVWxwRLKVY99vMC,50.0,p2pk,0408a548de8b63faf7cccb10e086820d...
9979,2009-04-06,1NjftgkKjVMfUJgM9YtyEyDRYivQVdVZJK,50.0,p2pk,041cb76c7e01c7566fd60ff644512d38...
9980,2009-04-06,1TN9GMw1cmZx5JJiNB4n1koo7tFFQYxJC,50.0,p2pk,04fd01151d5cd2656ff57c64ff6086c3...
9981,2009-04-06,1CbFHg9LQxW7aWmaDv15hyQmNCFz2f81ae,50.0,p2pk,04c0be21fdf0e021422a8ea0ead5a2ec...
9982,2009-04-06,1MfDWLRBpYEZUW2Acp7gvEcp3c7FtdrTSp,50.0,p2pk,04c02bed133d9f18fc98b952170bb992...
9983,2009-04-06,1JorcLojfHpVWq7kUGkUH3U8A2LPzcFu4L,50.0,p2pk,040ad2dba97ab097466db62fbbc171ce...
9984,2009-04-06,1M23qRoMHsAfVd8cyb7bPqUR9fe3xH7nTT,50.0,p2pk,04eb323a2d1c7306172c5da0b6f64945...
9985,2009-04-06,1G3g48v3tRwjxtj6YFtQVHgU5CAmR3Eh71,50.0,p2pk,046c492ba277a8bec659765496e80b2c...
9986,2009-04-06,1MQHZaxEdTwCEaw8rUFWTiVzY9bAfFmYwr,50.0,p2pk,04354f4cb3fb4c108ac8863965f733d0...
9987,2009-04-06,1HCttwWeVMxyDwP5nEC36YpkV9SpJeHyrq,50.0,p2pk,047419084089d228400fda64a875f944...
9988,2009-04-06,1LbzX2s9tiW8nvvNKAYFx3pUAZjD8wUU97,50.0,p2pk,04bd2dfc25a5484124023a9f1024aaa0...
9989,2009-04-06,1ExL5LtGvPJ8Nv6uh5zACz9Dv851RgVG1m,50.0,p2pk,048b2e239c09f122fb0d753f7adb766a...
9990,2009-04-06,1CDoDbE9SdoAGwWMRSaQfMLfcKwaqjVKTB,50.0,p2pk,0447da764f11d8df37e2a539f3c34dae...
9991,2009-04-06,1DsCHW8pxQGyLjv14LcciHkASo9j1yDimc,50.0,p2pk,0441494674b81ff0af11efef60b15986...
9992,2009-04-06,19zUjJjEgmqtsgC2RzHe2i9sMuVZbuXQ1h,50.0,p2pk,04a9b4575e24dc3317c82168e8fc2b1d...
9993,2009-04-06,1238CYMMXYsKZBDU8su6u1qKoMACtaedQ1,50.0,p2pk,04c8ec38c93ebffeef32f9c5c7e8eaa7...
9994,2009-04-06,1N68qAtqpUDsL77uQacHkXu1yMBSuFoJTS,50.0,p2pk,048a86227eb43d41751249baae7a9487...
9995,2009-04-06,18ZdbrhThxpwP5VsJepVPxKJrmdWoWg8Uh,50.0,p2pk,0444fe0420b0718506239afe1a2a211f...
9996,2009-04-06,1E91TsfDWFUgmEqTRaS9WbZVZJuca2FQUp,50.0,p2pk,04180012cddf34cc641a6b0cb014e537...
9997,2009-04-06,1A3b4bvAsh628NeQFrh5WXMBfiZCGpHAV3,50.0,p2pk,044b55c3d21669cc1edbf96d7ceed1d5...
9998,2009-04-06,1BNMDSwaeWjQttrz32nEJqg26h7ru2dVZN,50.0,p2pk,04e5c018bac29eae023e4cf9af07fac6...
9999,2009-04-06,1DXd5XhL5rywbcs7khLW5T1nUbuHnD1Qqz,50.0,p2pk,04d4198172bb4bb030bf2f5dfd762c2f...
10000,2009-04-06,1JoiKZz2QRd47ARtcYgvgxC9jhnre9aphv,50.0,p2pk,042f462d3245d2f3a015f7f9505f763e...
