Address,Block_Count,Percentage
1DwF3Coej43XpbNYaiG1EzVaoaCbEaF4yA,1,0.1
159ZChejpYCUU4SfnsGiZKhuPps3WdJKhr,1,0.1
1LpY2WycyiTkQ97uMoVduhVUbXqvBzkgGi,1,0.1
15purhcWUcaw8owU3iLVe2WkY1fjP2wufU,1,0.1
1PoLUujkPPRSEvpbFiZQpQFip7nXdibhp5,1,0.1
1FYpVLQkD9e8VB1xghFQoQQHmUcswp1nET,1,0.1
1BZ3hG8kPc8Em3AAR8d7MaEYzSCcvD1HVX,1,0.1
1AZdrS4p8daM5ajCw9zXkVxTvJ8MLshqbM,1,0.1
1DfWEFi16Dm1XMvHM1d2mnEZ82WwxjxgkS,1,0.1
14JZbS6RoqKRyJfDDwq1PzB4qrD1f9ACVQ,1,0.1
12SqHFsNxhogWGfjHCy75Xp5fM6cZ75DuS,1,0.1
16ZK5ZAXfVdPXm7x1McK6wFT9b1YRcr7yY,1,0.1
1GS1ZSYxSjiejTZKZPzECG7wLTTD7AATQ8,1,0.1
1FzbKyVGZrFJpn68tDczbJQoJ3ankAxMRF,1,0.1
1DHKfNGZK3A8LUZxps4FqxXuwaYaNwwufB,1,0.1
1N8TNeX4KpT5rMUiMJGCyJfZyEuK7o6CEJ,1,0.1
1PyV4VR6eJrAmeH5zTwMMZj4hVAwRtfm3D,1,0.1
15xc5vSSPFzKawKuEPZuNb4a65ZM8M3NUZ,1,0.1
13bPFDouQ1RikATbYLNRQQ1BFiWPEePBub,1,0.1
152G72VKB7xdWw536WymocuzbabeEaGzBM,1,0.1
1Gw7xwf8YMosNAHdk4HZKpEuTQY3oMgaJX,1,0.1
13tQZy3QNrDQ7D4wQ1HE2B5iyUgy7CCcXD,1,0.1
1N8k1j1aytdYbvnojQPuo6ND6qpdFRZofx,1,0.1
12uFjrF86azMcDZAjCthTtY84opNQBn6Y6,1,0.1
149PvvKwD51FozWL6WiFqiduBHQRZpYJLp,1,0.1
1Gd3vTNrfsWEp41p7pAzSgjPmwWaQWztxW,1,0.1
1mxUZmGj54cFwx2P7sQdmx1YfLJAQpS5Y,1,0.1
1ArFSEaYnzDMNp1P2Foe9xQqJ7EbM85Lif,1,0.1
1LWBRFVo6xZkN4gfkg3RuzDTxXE3zfkQws,1,0.1
1L8y5f4BRt1B7pnYtDuLHgA4z7vKdExUhn,1,0.1
1p95tX9e5VuCE2AGXGeyXJB8deCfZn56g,1,0.1
1A2h388YtMZwhAcmBKToY9nfkAiLp7s2sB,1,0.1
193nwf64dHPC893Dv3ZyRfZFvcxKGQvedx,1,0.1
1AWtDUvH12JvR4nfX7hhfejSoKLJkmBzH7,1,0.1
1KsDzbW5GoKtnX7nujwsxY4BrnDbPuSEzi,1,0.1
19gsJWe6GwvuXGPQBYND5vkH5XWu9c8fKZ,1,0.1
15Xqqwv45BZYXYoe855rtpa7MNgEKin6mi,1,0.1
19h24CFTXCB14K2npRKZCqL4UMiiCLAV27,1,0.1
1FLLtCveUBbk41xDqDSTCmuhFUyNAq9Sbd,1,0.1
1DxyS3wxmSnybgey8UAw2awoGhTy2qxjA,1,0.1
1MgGNnxNoWAKx24sZhT1ujzRc3VHD8JorH,1,0.1
1Bhe61dqma1V7QKG9rkdDk1uHqjHrjGMNw,1,0.1
19YdCbsRUPLzuetmVLqJXnHoH5izyt1js1,1,0.1
1KcKxkG3XWnxyLzLAE1cf7XFWFEM3o9tYS,1,0.1
16bYW9VEq8KFyEN9WrxgmMPzbeoE4qrMSF,1,0.1
1E2rgXxYzi94p5ZfiXoyxK7s8Honu7YyvZ,1,0.1
1LveFdRsXCp19suEUQqckumC6mF2CQJDCw,1,0.1
1PqQSRk3HbYQ52ms6BetsdgNUXQcMScbSF,1,0.1
19UiVdL8HDcGhd4J6GPY4czwRYQcVkHbdY,1,0.1
13WTczjVZL1hzi8SppfQuwhLdZA5y6ACAq,1,0.1
12kqoqWRuTMFFGDVYJFdCWYioCa8rRV79T,1,0.1
1D93rLtiw5EWVBm6mm6r7jXyrsbiv1g97h,1,0.1
1HL9dZizYyeSASmFaq7QWUk6BKFBrsAESC,1,0.1
1K3qogsrUCkWSK4ULzDinS3mtf4AwkqXZM,1,0.1
1Ld1MHf6165qmZmQggUFLsFkND42UHGPsB,1,0.1
1NkYcrhuxFCGH599VBzXfvu8iPi2oJLF38,1,0.1
153bK3wKzff9Qf8UswE3wzPNdbGhQYizJf,1,0.1
1FdFExKXeAeAFZeKPUrKZENWXezx8dmiUA,1,0.1
1MorfbLwZku3RNGerQ71Fu5HN2WkoBJ1sg,1,0.1
14QJMepP6NAtKYDUGYHXncrYy1xWyy9bHf,1,0.1
1DwV969FbHcsTPbKjzGH3fAUVCN3x43kTG,1,0.1
1DjrrcKqM445M5gJpPJMs2QzwTGvdgtXR6,1,0.1
1E4ad5bA8HgbqxsPYpmDtVRNBRF2XfqTns,1,0.1
1PkPh2h3vnCPWCeCxUNyJy63X4A54kwixE,1,0.1
15Vs9xBquXH341E1ZGkYKyLew6nCtqsAzy,1,0.1
1J59Dqo4VRXUjJpDLdkrTPFELHKWAqP9N7,1,0.1
19yn69LY8ScQAMEJoeyEWiK9Ewb3J9HRRf,1,0.1
15dFRk33RLTXuj3AiH45s4Bs42Y6CLWDpv,1,0.1
1MMt75mHpJA1UFWe7Vb456hbyMtp1Eyjct,1,0.1
16EvA4rVTLRvyRdNkdXwaMahPvoBCF3kMK,1,0.1
1C6aSnyTBwAiJoeTSZgJXGDrUDaZfAC3rn,1,0.1
1GnxBvuE9xJSjfFFqEN2ATwkY3ttjsFqKT,1,0.1
1K7ggDpJm5JHJAQXY5bh69wGb9gUxbDajD,1,0.1
1HPzPWZiiPEXteRMmVgTQ8ejqmBAB33Y4t,1,0.1
1D7fsVo7EeqLSUZ1XBUqbziopxsbBQdjvB,1,0.1
152zw6A3915bLE3tBbEHf9XDFqpxNCQLfi,1,0.1
15xQBFKkUJho1t98xrJbob4syzuBkN7MkU,1,0.1
1ErtHshiJuSxHGrtb4CiqS2HZBSyB2PUW7,1,0.1
16p1vmYdMwJtscMatsbUNdDm6rqKX37frW,1,0.1
1Fm7PzF5A2HvLVEfgTF5TVD8zzGSPkaaVk,1,0.1
1JJkpLFA8u6K5dkfWhTqFPfS1Ur3ZrcXZ8,1,0.1
1FHD2nHpZZHFLrdtdHiwdX9KysmYASCk6e,1,0.1
1J7EmsFPzhQiNFMuo64uCjZiTwyvweeeM,1,0.1
1GvDWiFTdozcdas1F4t2woswfwpNis968f,1,0.1
1G149M5WVMTo3y9rKQ5EaQ3SUmbnP94jYq,1,0.1
18P9my3MupwGs32zAdp52T1d5si8ovakaV,1,0.1
1PU3RzSzazQ6TktXg7Q2Pf5aZTcfD9rR5X,1,0.1
13fK3ryFrDuQW2Rq5HqKofTNZL8Bueuc26,1,0.1
197ifYshqk6mfvNEqXyic918ZtbHEGF3gC,1,0.1
1BPxct1EMYqXGbDTXd2Mz63d6o7zMYmE7b,1,0.1
1FNVpwCfuWs9sAaUv86w2rebTXJo1ipJrQ,1,0.1
1GsA8fMqX7AcXuXjvmyMMDBHEWXHwD5yfQ,1,0.1
19hc7KeBQYvg4nYKVgPjRwCVgvMtT1FC7f,1,0.1
1GxvrVsGgWAc6vsiL9jmSYfJoqZm281ubN,1,0.1
1FVKje4YgMGhZRA8siBAeHYdikkfzoF4iS,1,0.1
1GV4yihEsUv6UVjRXMG15mGr23T1zzkKhh,1,0.1
1Dx2x45LpNVHJ61exUyWYQ6jCbcHNWgJoC,1,0.1
1PV4fW4iirmivizKMCPvVVw9hV5JnVvJX5,1,0.1
18gjzg6ZN1MLgFsLY7kjhqzjaU7yFuhyf8,1,0.1
1Gax7d4S7XuSPGb3uVf2dc37TG9ndyzHre,1,0.1
1HGNdq7uqKkdLRRxHmeBJf4JzYwhoYpq3m,1,0.1
16SB1zSxFaJenrvrxngsUmVS1RrJecA7Zc,1,0.1
1Arwxm27AHyCoX9s7eCE7ZwkAjrqTjCAy9,1,0.1
18sSC11eEPUyePMvcQFroVkmqwY2vhjDu8,1,0.1
1KZ9WXPRx87kgL5U2Qu53LXur5ow86x785,1,0.1
1Doyw1YfkETtBxNXXUy9B9K86rTmwBbKfG,1,0.1
19Pp9KeE7L71rxNeu3JjsRrP8yFNHkF7ri,1,0.1
17xQ1oXzo543mgp2Vb44nevthzHv5qVHUt,1,0.1
1GnxgKBb9RvC1oiAQDeDSUm3Km4tc46qRx,1,0.1
16aRaEcAwwTmvdCXY9HGvZt6q4snapbn8y,1,0.1
1E5LiX1BV8xJwiQtqFSHoLmoTkz7voJ7CP,1,0.1
15LeEABF8SupDv2XUF6cBdNZi8c7pnTh79,1,0.1
1B9sRKPE11NojH75cP7KTcK4uqeJNWcgWQ,1,0.1
15wswcbBp7kgSdCgP7gCPTdbxoiuG6Uzm9,1,0.1
14oRgYspYyuYaqtqyxTDkxkFjaWrenryQc,1,0.1
1NUdNpoqREjAKFT3TjU5h6gfhEVgKaKb9u,1,0.1
1DTLjwvucqqFriN5sfyH6V121vSZKFR9V6,1,0.1
14P9Bj4cMj5MxPLk5AqXi9F66DmxtnT8ec,1,0.1
1NdvgLtpCUKZZJNSvvrgisBXvaQErAAmAv,1,0.1
1NLYUVC8yakARrRUGRU6nVZRLdbpKwbj1K,1,0.1
1QErc9fPztq7PUaM93YynrsHr7NsSuZdWP,1,0.1
13rN7D2N8CW5m52xSDtmPv45Un23vmdyPK,1,0.1
1F9C6XvdF5yWCnizqxNa6h96r3npJTLn5k,1,0.1
1NXdBL94bgz4HfonP2tXfcBErGyojDzbkP,1,0.1
1BmwKMpnKXkYfRYSyAYaKcYyjv8RMHjRay,1,0.1
1ML3HhTqKFEYxAdowzKsWWVEz1AkyCMxi2,1,0.1
16Y4hm62UwnFXXrCY1Xgf4cz6J7eEziEj,1,0.1
14FGjw4WM4oLvfJBJxePs3CgrdcVrpDvq1,1,0.1
1MbiSFbuvBzipwDqH1vGoNZCKJyNVMkTWh,1,0.1
15BHKJfv5okN6F6gPqCDiMVcoBPqk8SLNT,1,0.1
1CK1gMiTVVPTU5juwt8xxTfV3NqV8PB367,1,0.1
19JcwQkLQ5zi9HrhjvcgwTZpNmkUBWmcWL,1,0.1
1DARRtUGatTyE2v29PERQQVAXBKd3WkYDd,1,0.1
1DDDUSCWbgyKYnZwvdvauwAhXumw11HVH7,1,0.1
1Kd6TFKfqcbG2t5LXtqfs2xj9ApHr6P8aQ,1,0.1
1CvzbyxNHP7wXv55u1aN2HLVWJj8qDxpAp,1,0.1
1DRia2WUmWWdSWrSo9xGuZtxLyempEvTS7,1,0.1
14nQUFXUoG5nxBZtY82odwbYbYGfLuAQh9,1,0.1
1Pp8xBuQ9zsP6gde25viGJCfsSAufy1ZSB,1,0.1
1561imV9wxffoDDqUve4mnxWbbXvxX35HR,1,0.1
1NnFb1rJ7P9B3oqprmqV3mAYnPuTB9tkcf,1,0.1
1D8fZwWXN4Bzed9E5toSvKTkN595EpAVyD,1,0.1
1H1oNiTWbwBCEYVrynNN6uVovCnRo66pN,1,0.1
1PPnKhJ3pS7BsdEaLBYcXQ9g63iEWwHbah,1,0.1
1B4jr8PGzLxaCdq4wRkmJoiLHDka13z47s,1,0.1
13k36zpakk8yzV1wYebtzQis3K3gd6p8Rt,1,0.1
1Ctso625ksoobGnQCWGzFNgvi3qe1mCEqj,1,0.1
1KwTZdwtFA3cocdnewWX6QDt7XsxDkBdUq,1,0.1
14geZGp8tpyakdUkme6LfgQ2mSxsvQ4wxi,1,0.1
1LZVHX6ic3PG1NiLxaDsmKWGa58iX1yHGw,1,0.1
1NFjxS6NG5xnTVFh2DYMN9qmNyg2soVv4v,1,0.1
14aJjEtv9RCpk2cet1pF8wV29xbkQUwCdW,1,0.1
1A3Tp3EhMAzvavrGLCED8gBy1mfmg2HbUY,1,0.1
17Kyh11Y92uvEPSkw1zatnZmd25vcUmyqU,1,0.1
15g97vVzGn8pF4jDpWKuy6s7BKnsyADT5T,1,0.1
1HAw4mgu18RCE6bJ4u4ZU5Rt5HCJMwQ4pY,1,0.1
1jtXN5bWRBBX7gC1bcSpUTudAT7G8u7Wd,1,0.1
1JKQERUHq2yMnuJC8sQETWBK643wQH8iaa,1,0.1
1UorHJPfKUUz21nbdycn2DDr4FtCRnzhM,1,0.1
1AoKjxyxshVEFvFU2CYUA9QD3VqK2sbuX4,1,0.1
19YLg88dipPNZ7rJ4SAhUVvLu7ug55nYcB,1,0.1
1Nuqh16Z9vPfd9V4DdAEyL1dCS9fPV52bF,1,0.1
1DEBP5stpAn5yNxPgmAq986TyqxUjEKJrt,1,0.1
1C68KWAj2fPfaYAaVYtNJwXEnsSmoP5AB8,1,0.1
1KCartG41AM5NR7yDeoqzhGcNeUvEjnqpA,1,0.1
1Hdf7HoakK47G6vEk6z2nGaLunKaYvCaoS,1,0.1
12tQ1iZM4pZdePR9fMauQVg2MHsDKWMFPY,1,0.1
1KjCNjMPV5MYG4D7h396EquGsnCGNrk2dc,1,0.1
1NxruupTbYVCtW26BgBDsGYzacsix4PiRA,1,0.1
1KB8pExEVLCT9aoBBY2FJ3exwFwAARHGJE,1,0.1
19xQBH1jnCVUDy1w6ZvroYThvxuSoHUas4,1,0.1
1KAqDGUxkGTx3aG1TSKGZ5ZLWayXtziXwC,1,0.1
15nVsSqMK7FRDS76MeXWNdKzGk96qLi6WC,1,0.1
19PEFSf3AnzA8BuqyCF1Lm5CV4dDdfboiH,1,0.1
1HaMjsV9mazaj4F9ZbQ34fvbhKM97aLVJs,1,0.1
1MHrGcQHA8HyeFTzbNZCakCNabg5PDsvbZ,1,0.1
1H5P2GQd9K2jYb3LsDWauLpW2SCvDtekh4,1,0.1
1214owJ9jCR7r7MZzSVaWiXTeuV2sXowRb,1,0.1
1GWHTw4JrDDGXXehxZzfS61TDF8iW85FTW,1,0.1
18zPKUYn7hK8h87uGHe8fmnSJeXWJhbVE3,1,0.1
15d2tK53mu6MNJxDpVMQ52z7BfnEwSLLwr,1,0.1
1eRGPh9uo6yHZrJQfTBACPPwnmWCMjHp7,1,0.1
1AxxyQ3JgCKJFq5DWnFcjFyaVx7znUXaGW,1,0.1
17JX1hpXBNrJiwhNdHqvpZxdkooyap94hK,1,0.1
16KTMSynPejBnP4HHQgTPucBQswUzeC84A,1,0.1
1AyKY7ZE4zz3ChgJooXiePmif68YenRs7L,1,0.1
1364mGsh9DwJoEf6HtNMDXv771WJTwji3p,1,0.1
15nnr8HVT9a9pcg87F1e32ZDUiGGtLUCzW,1,0.1
1F9gpeEeXq5nzckE9GCHjniPxb4kxiKB8o,1,0.1
1A3PNQLM6rnJ8C3TZcZCkC8oXqNSoahToY,1,0.1
1HzG7LtpDPCQSbBhvLZBAUdEahn7VHMfPx,1,0.1
1Apogsw3ne1uyccG5EGiraTL6y12KTYQcn,1,0.1
1P8Xjd8HfCtD8MLT6G5qaVSYeT4eh5EtFv,1,0.1
1DKihtgMH1RfM5HW2y6HBPuwd6jQBERHeW,1,0.1
14dbf4sGbhAudr9NdDxJFFStDyMYiaaerS,1,0.1
14M2KP9SLohkV9eFEXQ83vrS3VQpbf7BRK,1,0.1
1PDba7wc6SUHyLwoumVF9JY65cmjqy6Hgs,1,0.1
1CGZgKK4e15fTD6zi9S6qu7Yy3UERGbVE1,1,0.1
1AcdvhyDtahLFawSbawXXynVtTcCG5Y3WK,1,0.1
1BM5uCzkYK4oCNN8kfAiQgnXXRU3ZgMbdj,1,0.1
1L85YbD4SGZY3wHcv7ra4BeuEYxVUP2C1Q,1,0.1
189583QNSZw2hszc4xMfg6Ep4Rh85kuY3D,1,0.1
1KyeMobBpG2927hAgZUkegPm1LRWfNo9Tm,1,0.1
1NLv5nSVj8qvvit5K1mXHWrc14GTTAe9Ls,1,0.1
1AeeKQ194esGLA4GjhyexcubE4cxooUC5B,1,0.1
1EpMerLUAURc6pFUgPFnA1ktGhPPJW9UHp,1,0.1
1A7ZEYLTKtmJ1Vmo5o6YdS7dnzNKsx8U7G,1,0.1
1DEyLgMsaBayksHAJb3f8YJYTZFMgJZ8Vy,1,0.1
1MwpW4ejhPoZVoHvKq73RvAtLeHobGc934,1,0.1
1PS1RGEC8LfB9BHzURq6YaSQYMHsQQHmrN,1,0.1
1317nwk3UTdxWck6jcQcFgzLn1an3LHRdn,1,0.1
12Ts6sQFdkRvrFroJ82A9qpvz9QSNGF7MS,1,0.1
1Fhmv3Z65EsGKxEn2ngWNTEJXaGeaaoQLT,1,0.1
1FsaXzF3cSfC7ZLnYrzDJpy3xKzAnvqZrg,1,0.1
1Ncbx8koenP5jT6bi6cumLVPaApdwBF59z,1,0.1
1EeQYNyZVUbyHEpFgQPe1nBpT11yVtUc8j,1,0.1
1BzWbT2BLRRef7KBaLtQEFH4KNSZkaHEHZ,1,0.1
16MhSLM7Mdtgnu8sQZMUHrFQ4pq84ashVB,1,0.1
12RgbX8BhnbU4dozTh1hcRXwyBY4jMpCmN,1,0.1
1PCPx1ywpKkC6684imzxSN2s9mb8fD7bA4,1,0.1
16HJWkkwsi7hvUXEj4jrct8mxbKJQuYbpD,1,0.1
1MA1gBE39jDK7kvkwUQYD4wCRhLw9ixSSC,1,0.1
1JkLvLch2Z7uh7wpMxKeJ7YHhbsC8DpuCa,1,0.1
1PJeqf5mL7YZ6cnsRs28CgfkpckDwZmoPf,1,0.1
14VUQZESW6Udz9aVxgwhxz1QeV4HT5biEG,1,0.1
1GJQQiHeKn7M31TjVcLXrHc6HkbTPaR5aQ,1,0.1
191VBdS4rRZzULq85SE7Rj6rtwFcAL42Fq,1,0.1
1AmpijF9vBww5AbJXWo2RRuG2rvGUJFWLg,1,0.1
12iXGm1K65JzhLoiARaozTHmgrf2ShecjU,1,0.1
1NeTjPrhPLLsUgJmvzvMVAvX5dB32HwAE4,1,0.1
1NFUL77Ea6MYRfdbArd2ZxhrVWNWh4eVBk,1,0.1
1F3pYEx9T7G1zxcVpVp5V4KRGzyVt9uJHR,1,0.1
13HfLHzPWdef6b3aUJgGw58ysWEdp6zTLy,1,0.1
1317NgcmZKVEQ9EbsntabLyDiZn8Uyis4b,1,0.1
1G2qyVU6dYm4i4YHBKj2PjwhhpPpuhcNU6,1,0.1
1ieuBbmqKGoXqh42gt3Rte9QBjouFw1bq,1,0.1
18qbjHTrXnzo1WUW8r38jHg4VttsRGZoCz,1,0.1
1K4VLZm7YMZz195a9dbhHBw4euuTKvtZUB,1,0.1
1CcHBhjuRcUXa5RMepdX2zMdEZVXMdztzV,1,0.1
1ML1QiULDvapV4dxxB8khGzJvxHBspQwhH,1,0.1
1LrZB6bYL7g1idSpamBBYTnk6PCXjAj8E2,1,0.1
1MXvv1s69NRapo7BK3xBG5uik8EVMKkoGN,1,0.1
16Y973dL5XgZrBe7KYk8atUraaQ91KzEYz,1,0.1
1u8BxzeQiC6x1tYdPxK1i8thUhRYRXbrb,1,0.1
1DHboW2Y7HtXjha5CzV56HJ6KigiW6cEFv,1,0.1
16a91WHUkvZsT4T57TFzYy8wudZSJEyg2M,1,0.1
1DVLbmwQqy5GiQs5WwfcSkKNGxLrkaDBix,1,0.1
1JBVTFeEkMzoj1MLtBYAQA3oTP5FDPHeH5,1,0.1
12dgdvqvJfVLLjmhxjCk3WkdRmrP2QYFTm,1,0.1
1KQRxE85P7k4q33DfofZoTQBHZBv4v6XoB,1,0.1
14r6pXNip2vmtZqPa7C4qFT72EpWohE29H,1,0.1
1JqGNMAS4tphemjV66JCepeBVoRBVG9eUk,1,0.1
1AuvWFLUMK2j95g2uC2TEHvd7tEhdpLSie,1,0.1
1G6QB6UFPGU44HVaq1XrWCais9Rm3k4TFZ,1,0.1
1NLGYJBS5AZEKtJEBWQz62iH3tEXdcmk9M,1,0.1
128jvVMfg8BbVEWvtXsE6jBu4wBjzckUgq,1,0.1
1GBT4rFQ4rqKfu5tu5bNLBi6qFSy7iHbvE,1,0.1
1L7qB8GhMtJpXQmY6QiQaq3hrHy6zbz2BP,1,0.1
18uZUBWk6dVEf7ecSUiVkArBJAtfsvZu8P,1,0.1
1efYMJy86Q76GFsCCrVpjnxjFuciRNugc,1,0.1
18ReGy5svd174gXMctzuX9B6Wg5J6Jh84v,1,0.1
1Guko8sGncHxkFiMESyNpeFQ288YLP664R,1,0.1
1DNCE8gfdMvFVaJzzaupu2yh8V3z3wuQhj,1,0.1
1KWCyAu8q9btcGKKcfbV5YDCnKcecznUFx,1,0.1
1BfFjhqAzcwM8gc5ns88SWuMAZMtfcZESB,1,0.1
17AY6fVd6fBYpvm4pRo3um1BJYbmpC6m3r,1,0.1
1MsvxP5M2hMcSeQFKzmvvA6gQs9gAC9Ta,1,0.1
14eKmi64rwt3dpdfs1vFSfCpgErPvHF96L,1,0.1
1JwAecWLEEAsVX4HxTHnuUQgNz6fYEMzmB,1,0.1
1C1Ja6MPCo5RuhYWS19Ngt46F9UfCFJHqL,1,0.1
1D33yYiKCQVLwpFMwD9LbJBisasVJm5frN,1,0.1
15tQnSFah4uPjm6rW9kvVEuzh1LVH6CY7E,1,0.1
18MuhuGUUeZFq33Mga3imaroTMWSEGt7zr,1,0.1
1EL8AsAaySV9N4cBPj1bvjj5p5eZPS7dVU,1,0.1
16MDBgv1AixPz8bWhqwGGYzFdxp194t76G,1,0.1
14HLdWdgtvMUyLWtQw8jhMyvrssRfA6z1Z,1,0.1
1eet2nGULwAj3eS623mtL8rxT5bifmV9K,1,0.1
1HgJMUdEYbdDbTMqqfdefWeouMfvDGn978,1,0.1
12aFf9E5grqDt6j3HkYP7FKmQMjx7qCRcv,1,0.1
1GhBfv7BwjLKMrWVcoaZCgfuUM4tU24QR3,1,0.1
1Ps51QHcce1GyQYLtjxvY8ua4SNsQmKYNM,1,0.1
1FFK7jqKLALqZtSVDRWDkqdHJw2hzvaYf2,1,0.1
1MUCL2YfeXwCA1zrT4VHipbAFa3eqqQkLU,1,0.1
16nvdSzDPc83X3S1wWKfqPc8dYWgTXwsj,1,0.1
191v74TYkxVnTHhbLp3gXUgCMpX8Wo7Vbg,1,0.1
1Ap98UwHbPVoqWuimXSx9n1uqjTEEt2W8h,1,0.1
1Q7ydVnwMUinuEdYNCwTzHMNzwwjTGn44m,1,0.1
14MdChGMKKomGJtKwuTChyasQgw8h7fszc,1,0.1
1HQX5h9ncpA4BdH3Ei3Lh1vM3TATvn6oNu,1,0.1
1A7aFDKBpS6zbKBCExXbf9z57tb3urTxho,1,0.1
1MNzunEb2bTuv9sHojxqzNaLzmWdJbmkdP,1,0.1
17FHHdG7MUTGsgGDa1GEjV3T4M1LaA9XRz,1,0.1
13siD2twgr1QPGxRTmDeg1qYBfYuteaHsk,1,0.1
18T6CwN6bzRQyvHK52VC6HgHknhiFmgAmd,1,0.1
1EY7T4LEDUpSFD25QobzxA1mEhSsbbWZnv,1,0.1
1EoUhkdrybrTWxkT4jt4JqeJK4fzz5HL9q,1,0.1
15WfrzTy1iM15XGYV2ZPECb3xzLHvHWzxH,1,0.1
1LfwUu2VpYrjQ4N5k1tXr8PsZpuHMS9Ay4,1,0.1
12kdxnB327JchWvn2msiCTV8Ndp4upxUX8,1,0.1
19zLcir8Z8dXRQRHhyW4XtQ9HcjUPTM4XA,1,0.1
12VeBbhhTnv8yjb5xg941oWbXWj7XFURFT,1,0.1
1HxJ3b4wNnQpnqxNqVXRLGZzeAsHoJCTPw,1,0.1
1AsjGjYMXxtvf16zQargnAw5d7uY9nD34N,1,0.1
1EYBkVA4Zd8G6ga8jLKggYgPYXRUsc4vh3,1,0.1
1CHfchGGJn7BKUjSMtYwwttsyWmUdsLftA,1,0.1
1JsqaUuvjvqj95Gc6xJCNCXQ4f27kd4Jdb,1,0.1
12Jgq9GCqroCXTicsQtWgbRFdJ46gJLkdw,1,0.1
1DM44P8KNAV3qFWbE6fUdsYVMjsJRpQWSU,1,0.1
1JuFgxb8tG5aHyeN3zbcyTneuQRQiS68z1,1,0.1
1E1EtpTZu8YSm5QT3X4usFvMU66kubb5ev,1,0.1
1MbfdcSyCC8uykaz86xn4XqR4fnzAn2bmS,1,0.1
17abQitRwtqSyCZo97jJC15MQTgTxDKPEa,1,0.1
1D7QYUgUGBwjiiib5biWtywxZmXfipEKPJ,1,0.1
1EKViN1bj65k4K4611w4V5sbq1gc2aNP7T,1,0.1
17ExQvdKD5LtdGL34Wzd5Y7gvPDneEYGrE,1,0.1
1NXAb4U4qWaqJbiy7YUKAGw8qSVu8YN3ur,1,0.1
16FJo86zuRFk6TUbyAJxypQcujU5pdXYAe,1,0.1
1EYXoa5VKDzqFtEVFsYGGxgp15PrDhyz4N,1,0.1
1XCLEMNLhv6eiYprQhpPnRNppi6YThhYS,1,0.1
1NNNkfomSHPZ7aaCaYLAPiYwKYg19Yq3B9,1,0.1
1MfMegrvbJyCgj8D6N219NdBTo9ca2s3XE,1,0.1
1Aibct5gAuuFX5mX7fTQnF29EZNU7EmV17,1,0.1
1KRfTcCzBxD2TsrrtKmXsgQWw61uAe6HkX,1,0.1
18oCCPWJBwyGdJhUoZstcxAXZ7EPhWQstt,1,0.1
1EH39JQzFmu2L5t9Bf1kiTZyTLvc3M2onh,1,0.1
12KktRdjicNDTft2bPVRJb4jxq1mG3vRMf,1,0.1
17avR6QHqkHQ3gHj785KwZeQztYopzEuAZ,1,0.1
1HdGSA8XUnHnT4P6YwQMXQ47yj8PWEUZnE,1,0.1
197ifubMNs8qWE7Sf1UUdKMWuzh15TJeTZ,1,0.1
1KVH1A1kia5g8MkdEKg397mP67jpsGJt4h,1,0.1
1EUUDptH5MRD4FM4XVKdhk17h1rZhEsTDN,1,0.1
1GUTG2zXwiRRiLZppcbYfL9sqKuF2UA4h7,1,0.1
1Q4fdVG7xWi8D3yGVojqzwsUXCnrwWc5Dp,1,0.1
1LbCmCnHkVPj5qSdZcWN2tZCHCs4PnhBpS,1,0.1
16cTA7iTw2j43SryGodToAnRtLgeQxfvvc,1,0.1
1GpkLyPoW3k4qfWQYDbXJoHkGRV4XLgX5C,1,0.1
17M6Nvgmq7runTFhZyCegwSQka4mCkR5yw,1,0.1
1J2k99B7AzNj4JrC9FzxzoFAhp63et78t6,1,0.1
1EWK2YfAjusTHS4kTWfwWzbHmZbdkPRLYc,1,0.1
1FYhqT9kZGtmPfxFBKd9qmTo8BUuD59hre,1,0.1
1DJ9v34QgsW8ZSt7zrG1cFU6srE5XyPB2v,1,0.1
14VXVea1DJnDQwxAiQY3XpSBAyHSjYwoSX,1,0.1
171f4f6JgiY433Wg7rw492wizpzPJshLpo,1,0.1
1MHsoPCL9oQz7Upgd86ZfvRDHLVnn8MXkr,1,0.1
1KJcvTq1poFPv7XTGbzRE5p7Crv4w3joVK,1,0.1
1BY8PfUcUFUY6U3Qi1XrWeCPdzjqZbhw4k,1,0.1
1EXAegkjVLMu69SwP6Jw5ps13GqVpybXTn,1,0.1
1BayQGG4KXtwWYCxsLKkWhsLMUNvz9UnPJ,1,0.1
1NEwRDyY6ps85RDwNbPCvhyaY3o2ofXYJn,1,0.1
12A1t4pr8AKkHoMmifUog3Bu49uSa2QiUC,1,0.1
1Pyg13PXTbuiocgxd1pn5HB14B3GTKdeb7,1,0.1
1PAuh7Wf1uhgEcFGwVCTLwbgXgwWW8psB9,1,0.1
1AWodGsRFoG1JQPMvLuXh4Nu7fqDJPq4Xy,1,0.1
18vce64gePZUaMi8ojtYDquj3qnVzekQnQ,1,0.1
1JprtjevPPYSXUHHADY3EzeD5pPUZwwc7x,1,0.1
1Ga1nn88xw17iVXv8Tt56RuqF5xu5gPpRD,1,0.1
1AV1yTmsmTpLh4AmqxCijuLLdUDDec4GZt,1,0.1
1Ht5RkUR8TbEDzX7iExsHUYRQ6qQPveqxN,1,0.1
1T2wV7ZXngMPMrEKUhvsjLRohMfYWXSce,1,0.1
18BeRPHVe9opfFEGdz6QvdsSNC9NQNWow5,1,0.1
1enpS6NnwLQhL3yKC1RLyd9ZttUdv6tfM,1,0.1
1GkB52aM4NCuQg2gDQeh5qKVChyrgEixu8,1,0.1
13BE2q1aiqAJoWirahzREvXf6W5TqgbpJM,1,0.1
1GXnaaP5LSGj9LYKimLpHCNgDXfTsqAP3n,1,0.1
1NcxCXfdXQmReoMY1wdgFdLiTiszeeZUye,1,0.1
1FFxnghzmQC8ZL6fVHTBNBambwFg2ZZTmP,1,0.1
1PHX3bocbL3g4ekL43TzJ1qhageqXc4Tx5,1,0.1
15TkiSBVi9U4A9kjhc22QC9mVBMDyn1J68,1,0.1
156D6zVSs6KCXr61xAD8UdX1DV3YXDRy1x,1,0.1
13LHhqvJE4MVYbdhgcipyLZWcahJABBtdv,1,0.1
128TtYRMA9WG6Wkjgej1vPoQmnauVUA5KF,1,0.1
1FUAZnNMvPQKKGK1vka5HGuFyEs4ZZezng,1,0.1
1LD6g38zuFdyjG5ai6P29HQfEAsno3TdR3,1,0.1
1Mk3FaBJstFv5qthCnkMp8FA5dquqY868N,1,0.1
17EcYGMfax1GPGd9aJ3UxxdmXjmfueSvYU,1,0.1
1ACAn18ACGWnFtAjdNLh18TSqDKKp3c64j,1,0.1
1KrJoNzKoV92vLUmMnGoop65KmAEGQpAio,1,0.1
1CVGwBu2iLf1tgtqUCQkcNNXXLyzsje6fX,1,0.1
12v9opoC7LCUmkpTqBDeffgZvx5TwVbbpX,1,0.1
18fgoGh2NKBx37fy5PiRhc5qTzziVmfNuQ,1,0.1
1DmZ4wFEQGJhTefdP9htGSBUgLZAfS28Wh,1,0.1
1JnBpTQryVWyeYHn6H68o9kehtmK3C6eGW,1,0.1
17z5jvPnSb5Lbh6jGp5dE4qJNsaZ8eEgxg,1,0.1
1GpCvnvsJKLMMB5PL1FgyUSELfVBeapDYN,1,0.1
1uQWp3FrURBqisnRjRz4tA5k8B5fR93sj,1,0.1
1EcqDmD3Wu5WofykYkwEVv6BhYwkJaA7JL,1,0.1
1FiUJ45bvDCfHAdqtPgr8CqNPPsZFvhUJN,1,0.1
1EoUZMJapqQ3s4sdEB1xA7c5vdgYfMgMYH,1,0.1
1KHvG5NY8z3j7Cocd7K5hQvsoDsFPzUJtD,1,0.1
18EfTp3yxuRoWaV3eatxnNdHKphXtvbqYv,1,0.1
1NM7S1skKfTxzaNcHvi8n1PPpfA1HA4Pza,1,0.1
1PEaUb9FnYRcRggVmomehZ3NDyBGbf2Z6q,1,0.1
1AWrSdg8xN5GD7KJ3uF3HMbbnSTiny9rbv,1,0.1
1AC2Dit4zZdpP8kDCJF1QsA7oyxPDNtCPp,1,0.1
1ijgi5ViqrJsxi2DjM3dQqwSgEMAe7bVQ,1,0.1
1Euaj8E1ADh55pXngipHBWJrKty5HqWoKG,1,0.1
19XvKdeVjjsJQw2czAJ11AT6ckEKRNzyqa,1,0.1
1HRFAZ6heKsaZCLti4BmGUx4hB5GX6f7ei,1,0.1
1GpKKbxkgwPqCA86a79nQHcQHku8rXMn8f,1,0.1
12yUJSDBoWQdu3BUwL8DDkpqz6cpbFyn94,1,0.1
1L9uh73HUyL9T1FCG2ssSeQqc6ni5FVgD4,1,0.1
159PRp8QKMsBwGiguCYn2fSRK4cPCpxsJe,1,0.1
1ARggo8R1ii6uocKmhtSfKC6B3YY17o7XT,1,0.1
1MPijTHrJrfQ3TE8cQRM3tgDannLDWn58d,1,0.1
1NzGTMK6yVcXDeZ5uWHfE8AHMJodq9XWrT,1,0.1
1JDZPCwMutSU3Nhe4SF5mCTXBPPZchDK4d,1,0.1
14wHztJN1F9n5X9nsNnCWSwEeGnCenuDKG,1,0.1
17HGwMoTvprZrquGwcbESRp7M11AeMibLN,1,0.1
1MGCi8SVQ68ngRAg94BUBwab3viXrUKSiH,1,0.1
1L7gp2ULAG6cWZmrt7rjsf4P3WDYmPWV5c,1,0.1
1APHc3eU2KFggbcESNxbrinP4a1Hj2vYkT,1,0.1
1Mt35o8AkgBVfF7ebGTC1i17s3eKDQgyGD,1,0.1
14g6VLWqvznc661JkoT5fLWkBNSRr98PfH,1,0.1
13HoT7sHaC9NU1WNP5vyX7sQELFrYBCozs,1,0.1
1DqVkEzSqzQrjU8g2Z4NdvYzFhtGDLKgYp,1,0.1
189mcMzghQxvEaKj3Ag2qr6Pv1b9PwhxcG,1,0.1
1DJcmJCEJcK3T7NviunPqHYrp6eAM1KSUD,1,0.1
12PdYChRm2Qq4CqeNBcoAz73VTHx9LUPEa,1,0.1
1JFQCJCzSvqVghtMhK54eMCRYBZGA75vLp,1,0.1
1t5YqQ8hMdT7T2uawkgLGHbUMC88WXfxt,1,0.1
1PQa2BQnqhHTEEV41fkcEGkmyEpQnJhUT2,1,0.1
1CdAycK6JRPE2KYnZJCgVAptrjGiefK3C2,1,0.1
1HaYgxwfupRzrSwb54uWsMa6UsMpDC9TU5,1,0.1
1Jvka6QtfUsq2Gq9RuCuCMXLQPhRGHrRfz,1,0.1
1JrCDLQmnj2MCxe1XtUbQLRu6CF9u4nYny,1,0.1
1GgQatYh8LpFpfRCVxP1ZWmRaGViqRkNDa,1,0.1
19FN3QeU2hdx2X4QrVCZqXtp9AzKMvGnJ,1,0.1
1N6w45zRhjZZxS3Q2fXnrjMVbXygmYtmR2,1,0.1
135DqxuEhRWLkC9YuKajr7VbKRjUDKpzSa,1,0.1
199uHURWems3KRGnbSVB6pVNhXH3EpktZm,1,0.1
1Ee6GkroTBxnV2KD6yUahBvjc3VYurA2mX,1,0.1
1NamzYJ7QCKNX9bRruyafLFLTmNwfWmMk2,1,0.1
16SDqUffzs4MEp2fo1zqwtxhpXfByz4XGq,1,0.1
16vEG5x8uk11yimwSGrj5LsR3yn1XenC5S,1,0.1
1NvL9FeRzunM3Pms5T5hdU543keAmke5sC,1,0.1
1JCWgaWGiGWQQySPv4Rn8QwybeYy2KWjvK,1,0.1
1MHCN5yp9SdTNhGg3TPfe5GfQo4K2jAXTF,1,0.1
1DMQrph5j2Uua4jhgGuiZE4ssMin8XEbX8,1,0.1
14moeseW7YUQff1fjwB1SLaiDYvD2oobwL,1,0.1
1KJdaoHfuW7XQEDxVmZFPuNtWu9bAWWAN1,1,0.1
13ZFeREbKKsHz4QsPFHmDyfNwn7r1stP3K,1,0.1
1C48pDdus1UrL4EWAnTwkrG5yzBbeotC13,1,0.1
1L7Bv1vrzcdsYZZwCxqKNx5GHcLWRYkaM7,1,0.1
1hMCbF6WFFYdiuMj117Qi8L3a9Ry1VfVy,1,0.1
1FiL3sRDDaqpyX7wdfpGWrkBTokzpmNRV4,1,0.1
1MGNEKqCZjSzAuJQytkiSjJeh3ooJgmL1U,1,0.1
17eagZGdfcKyepWAxMV5iH6GKEd1Ua7FDC,1,0.1
1GLw3HZ59kmKsf9zZJUsiGBwmuZjgptzUQ,1,0.1
1KHLHpiXrpUUuANrFHPnFPJNwiYmHuKSDx,1,0.1
1EZweEwCCKVYEmvj6Q4jCZmQkyb9EgfiWL,1,0.1
14Mdq7uw1UYyRNpDbuzpFHTeS6dtnCR1po,1,0.1
1HKcME6yKcVuQF9wdmfCBiNf8GTdC8Lj2E,1,0.1
15DNtRNzhR5QPck2STy4vpQM6YFPy6ZG8a,1,0.1
1KXCZsrj5sxKgJYtQ5hDqMnsj3ecdFZZpr,1,0.1
19JZgEdMg1S2cxAjZ53eZQK7FinGN882rh,1,0.1
1gc9ofUh56DdTY9AWDCXgBrjCRSFRYuh3,1,0.1
1AbSJG7F6iYQoy9APP9xoZNmHxWshbCTFG,1,0.1
19jDNuQ8GZDXLtsR8uNw9Hp7pKGDn1aabi,1,0.1
139c1E9XXUDaeQwEA2tBXd8DJoPdx7dTQK,1,0.1
1MBEnZ9Vx2UX5PjGm9VYbeg6vWz65FBiZR,1,0.1
1KG9TUkk9zJJjDtTaaWjYxB1ygdVB3M8nV,1,0.1
15XMVi2f5rsjJmKyiqJwhHz6TJFVuVfvjM,1,0.1
1GzZ5ANY47K333gf6Zs7U6NWPhQfzt3AJA,1,0.1
1Haj73NPGdPt5p1f8yAqnoRigwUt7HoRQm,1,0.1
136s9G2kLtvAvfYkTyBr9NvMXdqbocEuJ9,1,0.1
1FnsgB9H3SZfHNaehK2kbKuobP9G2cYBXX,1,0.1
1H2yCWtdhJLcr4Za1BmNpdDJHyReQ6xVoY,1,0.1
1CHS6BzuJeDQeYjscY2P8GnraeAWpvNJeD,1,0.1
1A329GHHbpcPWwB9xoFRukXtkQ1s9qVGpr,1,0.1
1NeGHx9f1X28Us1o2hFoXwMgg71zms2p1D,1,0.1
18XTG24xmoZP5HzEFVbxkvfsBh8D1SMvdt,1,0.1
1J87GoTByTLxgkMe4g4MTKyechfyd5Fu2H,1,0.1
1MU6maEWWkELvk9GQ1i2mXgow9Z9Bmurmi,1,0.1
1AvhB64c7fPVye55QB8QvZJsY7k2teNa5t,1,0.1
1B72gYHoGVoFfqiDRGL2V5jdz1Svqtd43e,1,0.1
15ok5vAuvdWUTFEkXY54SAoqRQY2qJSr2v,1,0.1
1PYRna2iS862xCKdX34TNLCDXT7NEdo3Dx,1,0.1
17WfGtnv9SfuiMdVzxY9AAekRkQUdMM5gA,1,0.1
16Uf7tPY43DAep4FEwkR6vtNEgp23BXaQA,1,0.1
15237Ldtnbbp93V9ECny53jZHfqs8ULw9C,1,0.1
1CcMPsXDU51h9JDnUs3zAzopFRqpH3qt46,1,0.1
1E6uSGV52e329N7q8kUHXQjT8ymt4fyU3R,1,0.1
1MR9SG1cVH4WvFQU7QmBLjPuZr1K9YUpyG,1,0.1
1GHf7YpdVjxRzKbnpUkYuFjiYkGmC9tk8d,1,0.1
16nRuJ4oFB5uk2mTpA5tZ6EAYc3PpVTRd5,1,0.1
1MrGZLeyhXypdm3DTq6A2xFnoJEZDZWZ6x,1,0.1
1PVm1Kq69WSLZ7gwPWUQQAUsX2mHkVibd2,1,0.1
1JQjgPvxXNnWZM8PVechs7CTqURN1m4KFJ,1,0.1
1KNPfggKTRXp5ELUye9hAN32Q9ViaYZGue,1,0.1
1Topfze8H5FnmvXMGYKChZUckgAaVkWnv,1,0.1
1BZeEw5JN1eqNvdkq1QvibggYshSKPBYh8,1,0.1
1FUxzRkAv1bGY7MzSttjXkxp9eh4pEQbtH,1,0.1
1CW7xDHudsizyp9S7MYJyiz81y2qqbqpaf,1,0.1
16cuNGo5gxpvshxE7RpAPfQoZeRtqo7zQr,1,0.1
17twHd1vQx9cY9ghA1rNYZcgMQtD6A1wUx,1,0.1
13NFSRPEwAHtHPoLKZEdkt7nW3gX62w64j,1,0.1
1PDGkeojrmBuZnyK4csdtPSZzFyZ6JT9jv,1,0.1
1GotUPpRx995pMCqZuquSQ5tkQbbGo5CXs,1,0.1
1Esg19AnU1bodpSXygHrTHJzRBXdmyQmK2,1,0.1
178vqbKxThpm4yT9393JPTAQwPLpem2v5A,1,0.1
1LqJJVb3wb677Yv6Vkp8uvCopTVBZBbdyG,1,0.1
1JjJ6abojLFQU2fnnn3YTWBPabm9na13B1,1,0.1
17jL1uyzqkypwji7SBZSGNmRq9Zv1bbJjV,1,0.1
1DdtsGuaPNqdVP1vBdBasgYBkbsiu6szoG,1,0.1
1DB5MiwiABtB4dTPrX22nquqNckQ1G5BbM,1,0.1
1KKqfYrrM8oVXUFTXyq9sL6ob1hoMYoQVV,1,0.1
1tCEaPaPWJWiFdieV4nFvkALBJe7Dmf15,1,0.1
14gs6qkuzXkcoMQ9bcLgqVkchibcH8S2vw,1,0.1
19VHaTw5Xe5HQ2SBiYJdxYGKXJZiqAA5zD,1,0.1
19ekj49HXfjq5wta9whsqCW4tjkaezRcXJ,1,0.1
1scm2hCjsyCWFq7uxRmmse6F3TS1VoWiE,1,0.1
172m56HeQRxNar4rr3K1VwymiStmsXitsy,1,0.1
16G1sWF3iCseZVQekH8C8Wt8dCnjctAP25,1,0.1
19jCySacWNBYatuoWnNnbMAEEyUvfSje6V,1,0.1
1DieA2fLQGokUvTyhrZUJ4d8fy2nf2DntX,1,0.1
1Kboj5NgU5thMQiZwnsVkXASCFDKXQhBys,1,0.1
15dxnpyZB6bvXkAVE7dFhLqqhf6PgReaM6,1,0.1
17PTZ44v5Bn2mLgrA4mHLn6qQaAM3gr62G,1,0.1
13djtZizph82dZmRDXnh6MPvnyZf4JpjMN,1,0.1
17tS6WcGGM1uL1R6EeqbUsWn1U4F1J9RSE,1,0.1
1HYdp2p3g2VgouSZjtwEHYH6Ftnr6o4EJX,1,0.1
1NYpXAqwuN5gKHykdiXHkyx6C18Z28ncV7,1,0.1
187J2jYiuuTu87AfNgxBWdSUrAfv6pvtDN,1,0.1
15BtkzmjbXHzJJQEZrADDYJZRCN5bgeLeQ,1,0.1
1FAgYAakrESEade3VkAdi1wphPWMSj5Moh,1,0.1
14fVC58voMFVJYBvJdmDf2eK4yke7WYBVZ,1,0.1
1EKP8hFmdHYD8aNNk4w7ekqioozr4TtjUS,1,0.1
1PMErLReKXdh1AsgFVLLgX6xMKBkTpxZK1,1,0.1
1B1mbiUFRr5Gi8kYkb6H8pa5bYbGYMfBCb,1,0.1
1AGd3Z6BRF9ajKv2rW75tFWNC6GZ8LrhmJ,1,0.1
1M5xuCLZcpczzX39tHjs2HPqkgSRxxiboT,1,0.1
13dHjkxvQis8gsDJXJC5LcAFic4vEJSj3k,1,0.1
1HWKGUWM28fw6q89STFc3ZcwvTKFZd8xJu,1,0.1
169sWpuNukvHv9YcBqrG7AQ16DnbCDbwAA,1,0.1
1Np7NnSpxy1NaL1tn7ExdAcuy3DCP7E1ih,1,0.1
1JxyrWyvJ1FJdhL7ST9qzGiALTgyN6QW3w,1,0.1
1e2a7zwG4zk31XM33CsQrQEuYLdQ3gWcf,1,0.1
17d3G12gcmyEPZTRo1rzR1iiujCorwsu3d,1,0.1
1NuCsJA8fUL11e82TnsjNGVuNhx9qvPCEr,1,0.1
1B45xropV28mfHYydpT4iH6s44oCea4YAr,1,0.1
14iTYeQbvVC9oMLANqX3bzGXa8v6zv6WJD,1,0.1
1Gw2ykC3aRtnAYjk332E53LKH1KVEDfx6h,1,0.1
13QpQ9DT5HsDdjsqnZgYYpM9EooNcrvrK3,1,0.1
15Ut9PzAd77LKyGLeLXKankKRd141mNUYS,1,0.1
1Jon2SbXuGnPJvzrnFwvqLgCkGwxvvFwh9,1,0.1
19bYG2ubCgYWqkJX2gy4SnCYkt9sP7CLyP,1,0.1
19v8AfWuTA1EuLvQQoQTficHqGpqWM4QUf,1,0.1
173cETWyxoB9nTX4MH86hMWp3QcPum771V,1,0.1
1DzqaLQivj35bfqoH3DUuwTYPPNbWuKxyZ,1,0.1
17Y7QTNsJvqd9xEhZvxnoJd1YPZNdaRt3Y,1,0.1
1BZEa4WfTHXSvH95Z6abyPuhFyKWzdUk8W,1,0.1
12QetyxWCaE3QPCdXtXGdEPX5FJ88Bg1o9,1,0.1
1K2NZ6vajfodZUo2RRtLpxMNWk94DKZvjA,1,0.1
14BLVmHjaWe8S1SwYQ1Qgp4urf6tE4mL5u,1,0.1
1C2FCcSqHhN1VgW4SP4CuCiGp4AmcREcYe,1,0.1
1PRkkmBJSx2fr57pgeBNjeGBab5Wn3M2YH,1,0.1
1Kh7GQ7HGFFQUYy24nRMvpfF75MSPiTK4P,1,0.1
18F7HyZMcrEb6vPNqGCo2Mq2rERpWdLA4Y,1,0.1
16BFeQJmsGXYZpS8JKizEztLEuyXrEmFUr,1,0.1
1HVTmikQesGJTZAp7igszfULZYkd91ir4W,1,0.1
1QE4wsJ1rKmAVexvM8oTnE1u5SBj1DofTD,1,0.1
1FM2CTYJf8GaGTSwdTYv2rmYNmHWh58PaK,1,0.1
1MW32RpXgFeo27s5S881xMr1kgZrWLQS3m,1,0.1
16bWRaLvuAnqJRyGHWWSnTa2Q6MUD8SPPp,1,0.1
1MQwA7MD836MSdwJqZvssDdcLoniRoT4Th,1,0.1
1Eoz5sDUYtS371piqDpGFSj59Py1RrGva,1,0.1
1548oM2Es1wxcJecSLtFjKKtC9mE4yLmXV,1,0.1
1Mi5NzVmeAmfrumEJCqx4xASDabZ2nd9xQ,1,0.1
1NazT2vbamy8vyKUNoVat3toux4VhApGdj,1,0.1
1D1CcFSYy24jS69NHsaDBMuAn2gN8zqbv8,1,0.1
1PF2yBhJYWeUrDp2FZjDU9fTR5xitg6ppL,1,0.1
1HyeRmQDaWXosU2DX6KVahsYNiee6pCUXq,1,0.1
1MTcBn11ZYX1wEWRgAkodM15WFkrjVGjpP,1,0.1
1KSk9iGyL6tEfEqr55Kerqz2NZtLteNdgu,1,0.1
16QDMz9szuNi9LnwYXFsYaFwMo3MHo2SGz,1,0.1
1EVW4GJG15dLKamgnizfWFLscpSUdPaM9k,1,0.1
155SEe2B6QDLeMYuYDNnMPtkk7KApymxNc,1,0.1
1DJp3qQT82YxdXVcDX4R4ixwVC6DeQNVFt,1,0.1
1QBtEkAVcTobCgkJHZTu2aBd2dLogAB9oX,1,0.1
1GzLG5WYQzeTcQRjEtUDcuPDJ4BPZ1PFe8,1,0.1
1Q2xG1wfJ39va2ygGRd1tA2xdPsERQa4oQ,1,0.1
1MQv4BhyZ42cuGj5qPzzxcs555HFnJJ6my,1,0.1
1QCHfUTT3E1rd5D6gJ8kfgBmitkMcb629C,1,0.1
1BeuaysTgzzK3VTZ93Yty8RXPDAHduSmVz,1,0.1
1FoV3xx9o2tPpbJcpYc4SCRxefuxBnQrcW,1,0.1
1GDrjPc7tjTwdmfiEB2CLjVsQjTvJ5Tdet,1,0.1
18p1Rqg2pC24dZUeHC1a1DQmkkDRq3K8iX,1,0.1
1LDTveiwp8CTbFjLcTezcnAuTLJUdVh7hj,1,0.1
1JQctXVt5QQUnLKxq1TGEzn8CPkkWKMwyX,1,0.1
15DGSBf4eEbrbPUApxJQnnfpXWmoNNJJEJ,1,0.1
1MWb8KBjRWS9zy8FmELeDz9JBtLC7Gjfe8,1,0.1
16iGQfK19siU7M4NpZE9iHDQZL146HC2Tj,1,0.1
1MbKX6tcPjHdoFnP6kXFSzLjH5vHiZogFj,1,0.1
1FynsUwoLmBgnAZ85RmnzcY1buFcFVsJFH,1,0.1
13YoBK3N77CPzxdBhzNDepdaMhXmweBBhM,1,0.1
1MoowQkEiZ7zvAswvP5mLmeEMuKitKFPsa,1,0.1
1JY9gcKxKny6RBaxPzCfTSZML9xTeTwJvV,1,0.1
1FfuWeT5JvPsu6AviB6AujGQ1aJ9BtGDCK,1,0.1
13iBw1UtNfRZYkWFygX1ER3LQKvbh92uW2,1,0.1
14GNPCq9T46vJeqKn5UBnDYaYgKuVA5zpJ,1,0.1
1AmWXy7zs1PXqMUKY2i9bG3bNhgnc1bmbv,1,0.1
13L3PyZzGYNwZZLwXSWcTaWJaEFq7HNdWU,1,0.1
1EYtuoHwYo3EEpqgFz1bh3M7ysJqFozLXe,1,0.1
1KxA8WG4C9Kdk9ioKRfwhwVkCVXvw8wTYU,1,0.1
1Po8CXGLi6Z6ZyMA8YV66qLx3b8ZwU5GQV,1,0.1
1H4CJxMHaWcx2GW5t75F12sKcP7KTaHsry,1,0.1
1NLFYD8XuFDTjKtUgLDpQdpwCXkhoEthwy,1,0.1
1DGSSf3NVfyvQ2xcK6pDBmBY9MfMnE6rNM,1,0.1
1ATQGRPcnwectePLnTw1VVwgGxA9HG9tL7,1,0.1
1ApqmKbYE8jywk8HsAeW9xhLmBy3F9kQno,1,0.1
176w5zMM9n1Qk27KGbvUw1JYv1Vz944uKo,1,0.1
1Ddu7FZXArYrvR813qbQnHxHmpTBxuzDep,1,0.1
19NJpjsDcUNkkx49QMaGLw4pxxKE6hfMMi,1,0.1
1DGY4QQ4rTi3ti3bUyPRykTLQzFyZPCNtZ,1,0.1
1MND7kSsReyR5cmorA5NwTzzhk3ok4jhzk,1,0.1
1HDL8vxZhT3zQiXvxUMHCZTQaqQ6RVSLwQ,1,0.1
1DbmzEgX5WE5wWgTYbWJbyokYDRx1QCgZ,1,0.1
15V77ppDK3eeSu4SMSpzw88q5Utrwd2Wzd,1,0.1
1HjGqw6QnFgy7qJW9o8DeeWkCUeUzaGbjn,1,0.1
1DWJiZPGpY8tsqTuW5LfRen8fa9EisuuS,1,0.1
19gyKX5buCV89o6iL1yJy3NZDYy52L2wBY,1,0.1
14ZaiqmkkUw7pnqpffWerJU1dJVRVzmjRx,1,0.1
1Dhd8Hh81tv8QRVW2LDsBygLkqzqxHuZ1r,1,0.1
1H1JWBcrtnffFJSq3b66wkdi2nCsMkK9TX,1,0.1
1AbdjcXtywrTB2YEnBG39unQkXZoX88y8D,1,0.1
1Nda4fzPmvRtv3mhKKrr8ZkrLfdfJgEBu6,1,0.1
12LSiiJqR26yp1C6bcFemyzSK1iSUJWCVx,1,0.1
18q3aWdyZ9vCgwBX3Hrbp1sFCn7ArPatQa,1,0.1
1Lod45XuVBU5q1SDuS1z7yef9dhWaBPWVz,1,0.1
1B2zN4srn3ebs1Ax3NXKzrW1q4MeNL8fvM,1,0.1
1PfaMVgP5bSXPCv6a77PgKGCTpfZSKhfJs,1,0.1
15HwMXYJPocgk3tPsbWa4GkR5L9e758VAT,1,0.1
1CWe6TraipHxWVApgkyteTVDm6PvtjjA1x,1,0.1
15xXQXGJjinhKisfnW2E3VBuKA3gMQbRV4,1,0.1
1NrR8dx8N48R48wrondx8M1akbz2Th8JkE,1,0.1
16LCuKK924xnJniBHM3RkrC5UwgjWZAzoo,1,0.1
16fvWRH9FpPnnQBo4e19PQNHcxJQmLt2zu,1,0.1
1Nti5HxvnSMStmj7TGZBvj1PXozgrGQCBE,1,0.1
1CvdMHkNF3YHNU9kWwAkcvwJ2N13AkyYZX,1,0.1
1An265q7xYJaHahZVGW9uGpUBLr6tiFtu8,1,0.1
1JLdxCNn5Kbc6oLB7L1CRSWQwsynaNZoBx,1,0.1
1PouqKenyceRaggFRFvLAkW6rE1iDRvecA,1,0.1
1MKR3sApQEWVHzF5SXUGRtELo3aWQDnT8K,1,0.1
18TKLSQCB26ETtnZ3jpP66tQHfPe2NThdu,1,0.1
1EdQoHwXQRQfftDDNeqctGBpAB22n2FNXD,1,0.1
1JVxHNwVvtWXkcvUTJMRttJdgd9TmiKkFJ,1,0.1
1DtuEvQpTD6HsPHJQdFXtrQs83hf1GNN3h,1,0.1
1CfRzwdLbqAzNDe1xhCpZurZTbX5MV7XJX,1,0.1
191uqXYdojRPKY1ztFkTEJUzrJ8dc126Pc,1,0.1
12wwhjLF4B13uwxZwnXTJEorBT9uSRjqai,1,0.1
1DZScJGxaiuY68JYjMc17fGBMxpit1v31C,1,0.1
1FaYwefCwwTRKGRpBhtwLLw1ZApXkq7Zvi,1,0.1
12ELnAdTV1bQAwoXPKpyCirSuWmaUBtjTS,1,0.1
17hY6fVFugTq1itYt5tNhfxEZVyskxRWwA,1,0.1
15aQaWpJdQE2jXaQ45uehkF2AkF5UG51cN,1,0.1
1CUwmj7B4kWvnGitCGoUaD95DEwtZ1CvAn,1,0.1
17bCJAJX277u4mXQhF3RVQP7fc4AM1f3TR,1,0.1
14CwN4xYyp5pkdyQ57tRksu76Ezc4NAp7U,1,0.1
1DrWDaSz6qcNPFmGhTcAYGQ3vytvo9pKb9,1,0.1
14wGh8Hvzv5KfuYabs8MUMxCD41MVmTJuo,1,0.1
1B8398bDtx4raxXPn96mu1AX9RqQJ7brVJ,1,0.1
1LmFUxcDGgTmZvThE5oPQD9Dae1vnWv4aG,1,0.1
1N3DxtZ2XZRAtNe8hpmpFLUT36BWjCMscx,1,0.1
1EKjVHpHapcdjjhMwCLEgUiQSssZiAvkC2,1,0.1
1JsFBsgd5mNLdKUFtUSUH7jgqA7a5gpnFG,1,0.1
16cSNHG46EkSD2SwSfqCpuBUjyx24EqvdE,1,0.1
19JLPk7DPuJqHBA2j4UCMwpgWDkwfUwL2M,1,0.1
1GBQ2Tf2rJ1uxJD7mzS1sskwqcgnvm89UH,1,0.1
19XPmgiesatiw6eHv5bKUnfhU5nthFwUCS,1,0.1
1Gih9GLAbQCnZtR916o4aTATxBZ4Xj42nP,1,0.1
1BtvdSfPQ6Loj6yvZQBWk28dmi6Nb9A8kJ,1,0.1
13ZvmGXc7tkP4etxkaEzVfXe6dztdDu3hQ,1,0.1
126ikm6aTShFqpY6Lrtaow6E7mfjnGEgi6,1,0.1
1JuPy3f1AWo71L7brGDXhG9JaKrDuYmRZH,1,0.1
1CE8FiUhsZED9841Jf5kJW7tswFPMfZ4kQ,1,0.1
1PS9sG3WhLmwZRbQfquoaDf93ip6PjDnQA,1,0.1
1Hqt11Wmow23o2J5RqpwVQLNxuqLvVBm85,1,0.1
1DAD9eAsvGkGkpVvg1FP34gsHBgz5Aoa7p,1,0.1
16nQjikQ9RYXdXGzToqr2raiTHhNf7Lmj5,1,0.1
18qv64NoxTLSAAXZqWAnADiKdTkQEETSUt,1,0.1
128DvCTjW4p9M6F6cKxSVZLSaFUPTMqiyb,1,0.1
19Y4xm5Bxk5spJPhVoMmA5oPaYQ8ZWXJuP,1,0.1
15jrmA8V6B94Pz1qL6R8FewYdhfsiJjSAy,1,0.1
15348L3qhADFHxfaqWr3YdbZPsdCjqwNMT,1,0.1
1D7sAQodz46uNUMPfmfgeTm98GDXS2UzAx,1,0.1
1PPkBgx27bAj6Tmzp24559efxxuphpRsqT,1,0.1
1Q7UyrkR5gzV2gfFNicBSJRe9oui9HWmE1,1,0.1
1BVF3hp1r8UjXK4Egvptm2EXMixbqxd6dn,1,0.1
1Bo9skAY4wFW3JMGUcCRERnMkADkYqNQkx,1,0.1
1C5KCu8TivDLLgJAmbRi8SDzqdrZV3vArd,1,0.1
14Jk93U13g7WGSNDroJgX48xZergUxH1AN,1,0.1
13aSQUBNTEqH8o2CCC2PA2LAY2Ph4LE5ss,1,0.1
1CKagrQ3jj41nihu6Ph5TfuxBGLvj3vbfM,1,0.1
1KASBVn39iwE8h5WEUJbmjvViPbz1ZW1zh,1,0.1
1K3bRk44JszERshChTzpXBvYLvp1Lb8wZH,1,0.1
13PioBM6AwpWBr5LaNN5cBT1w5AwNCAZyY,1,0.1
1J1qsXiV75WscwqRGNUedtwXwG6vgGR6AB,1,0.1
1DCNU6N1jY4MdUF71tnYx8CXnNNpyvrzyW,1,0.1
1Dwbg9UkZABMsAeEZ8LqDUuADCj3bFwsWQ,1,0.1
1MjhunLfB9QaYV7hshFZhxYbCqQwd5774D,1,0.1
1BwBF8b4bwca3AW8MLh1KsHp7uUrFieU3D,1,0.1
13nC9PU1iXqjDXY6vKHNmPZgQSnNnuPdog,1,0.1
13EJytCTtBF6ZCtKxf95nSeLPZ1Up27a89,1,0.1
129CScJeruSenCZFXsj5caLbrehUMkEFih,1,0.1
18gYRj1ext48BXscX76f4SdHXrun99HJ9X,1,0.1
16nv7XKBLGKX4WfJzjXm5EzosJ1h4oamv4,1,0.1
181Ky7fDbEipjv3ShPDcdRD75EjQTf86A4,1,0.1
1NcHo7yAQaWHPNNZweDdqUrHueKReAykjM,1,0.1
1GxH2LewPUxsLkpf4DV5zyWiAvJ6kMbUPA,1,0.1
1DbrsZ9Ns9g31YakNJdBouDQ4ABeZEu6ow,1,0.1
15LFRgbfDaKkvPEr5HePvqyde8EtoH2JEF,1,0.1
14kLzr71rMAWhrSaBxqY5zWPCVBPtttsxi,1,0.1
13xo9BJv1EBAdKPC5SiJfUPHtD9xVP8HpQ,1,0.1
1DdeEdcDcPyYauNJtfiYLfuLum8PJvCHED,1,0.1
1DRkjWfEU4ZVh1YtwxpWrvMAoCjyDvndbD,1,0.1
1Gk8YkqArPLA1wpipPgHAgG5mw17sP5EVk,1,0.1
1EQpGnuBR58gsH3eB64UC2AdwXdkUniFXK,1,0.1
1Nks7Xpdc772Zj5sEGSfjWXXsboK2i9cpT,1,0.1
1N2RsrVGwEnhKAkavCDXHpuLB4ATGPQdzR,1,0.1
1DMgKZ6WvxKNM6kntTKZeWXejHvNm9XmPo,1,0.1
1JsZ2TvUCALy3RMjUDYZecT1NFxAjtDD8X,1,0.1
146bWG6SYp3BTCRx4RKQZ5VHWLxkVwFYEh,1,0.1
1D986LKEzZa4WbxtgDUiqUboLTxh65ga97,1,0.1
1G2ebD8FPNwJVCxb4toJf1eM2PvYSWh1ov,1,0.1
12LMXgQfFPNVHwuPpg4mhXczEXqz8EaZj4,1,0.1
12nKB3tvZ4SFJhqWFkJ97T6WEW6YLVoAPF,1,0.1
1Em9FPnjwTKHokW88Vc1HQNN8HT3V5hvpS,1,0.1
1DimccjzhmFPNbcwzdkuuYwokhTC6wFjyi,1,0.1
1CDN16Vpz3k9JEfBUU3JASU6Rimxz3qStm,1,0.1
1gSbny3gVTZ9yJXAMkJnJxPFrZDsRmjLS,1,0.1
1EsVaJdTpFY7Wm5BbhS7Zw2GiqBjhZQqHF,1,0.1
1FHRKL9w7aAudy1QB19RbsuzeGeUQQkCLw,1,0.1
13JS8JvVsh3CV2NXBcLd6XY1JNQWpLXJdL,1,0.1
1ABiKfqVB32k9BVEbj51nvAWmPGtYjTgg7,1,0.1
19iG8Voe6Sswz1R7R6kS6iEWCRcFdqQc9C,1,0.1
1E3SrMLGkMKVpT2gH9VGS3yVzidVcRXX2M,1,0.1
1D8cXKfvn8EXW7KCNqiNMNJGnEHJ4vDN1J,1,0.1
1B3A2uqnru29QejM7aGzbraFkxB2fV62pG,1,0.1
19Fj5pVvaHn5UqFNZdcs6ENST73gWUhVJS,1,0.1
1L8gVjwPtVPtXzgy14GobtcQpD9RD9fgjd,1,0.1
19rRbRgQ4Q7X9qJvYEJbSsRgqwAMaPcmLu,1,0.1
1KLQeSRkL6SkaCiyGLKnoAccU5XKAgeEGR,1,0.1
1BNvJF8KAm7uFEUMYjRvSBwYisjsMi1k79,1,0.1
1QLEz9mFhMRQCgi9fJUuDdWscnMsvepf3P,1,0.1
1FVKrJThMfHq7KgZMDc3kLgCNK3qgY8WrV,1,0.1
1DbCuRbyDNmHdCgB9UdAdTWvu8oSY68vRW,1,0.1
1FfCjckXyFUAnQ2nETpNKebTYwouCrvqpc,1,0.1
1KxH3yuZ3uyN8oFpa6dPVTFCPuuuNHt3c5,1,0.1
12zbpQ4Z8t3dXhMPSzBCZpQx48FWFtzmTo,1,0.1
1AvJSZhigA9Qwisik6tavvvDyXTtt4Piz,1,0.1
16244DCHjn8g8G4yFGwwGfKE8nZxayyQtD,1,0.1
13doB8YU9SVXKZeGQ17zusXeF4kxtKTkDa,1,0.1
1LVCwTA3fEsWcAJaRifvU3Hjz975zsi3hY,1,0.1
12D8W9T4Wxtouwg7ZrG56LSu6kbL2eVFXt,1,0.1
1KEMbg2HnmWwpYEH7uhnqvvCdwg1JPfgiq,1,0.1
1FHxMyZXzQ4oSVBG6VE96LBV4MbwfybCyB,1,0.1
1MWidSAcAr8wAnexDejmbqStJBeoBaKdzM,1,0.1
1BfV29JZkpLmEV8Nfk96yGUwpFL5dzbCsH,1,0.1
1CNjdNB9qitooGmffUXoypKCtnszBudt4a,1,0.1
1AKZDrGxFSgmv4wstbzjNSCcjUK2tAmXhb,1,0.1
1G9zNKf9yM9vUpj2npTJm4f1M6yYGWz8KS,1,0.1
1HKpK7pmwHkKGELbHfzkpK9ZiPZuR3ntkF,1,0.1
1DonwsALHDPyD4mAR8nKKApJbHyyjkiRAR,1,0.1
1H7cUd6McN59iPy9L4NeaMzApzWvCAhRxi,1,0.1
1DuBnjfi56VgondpQsEHjGsPywjNtEpNCM,1,0.1
1BKANCTtDE4H2j8R9umJhU5ZeQjbTQnTWu,1,0.1
15AKdfS5baMHD26RVwQHjRPmDxLT8NBQJp,1,0.1
13a1F4UJ6EKUcNUPVC5hmHokyvTr2ivHhD,1,0.1
1CjyeA1TqMrjimiNcYpMLZuSdT5Q9qXf7d,1,0.1
15iVje1KnWwvYDRKW4e39oAFnGYq821ZQt,1,0.1
1M8bxrcQ3771S1XUvnsAFt9Z4UkhEXbG1z,1,0.1
1Kfvcxg9m7RsPjttMdDauXoC4LMYAXqBZR,1,0.1
1Kpw2u971BC3qFQmavSUuPj9UZZoQhZNHE,1,0.1
1Cbo5GyJGnqJ5p7k9Z9EXmNArmyRf1uawo,1,0.1
1GzP4VEdQ2EMN8n6d1G7kgicAYfRXk17D,1,0.1
1NTMhoec2ywwiKdL3BQgTjS3eL7aaP5wjw,1,0.1
1HecZDzYVVKmooiYztfUc5rrrCm7ZerLeh,1,0.1
1Q4bFndHwuucWnoUzQgiqjf6BhfbwvZxL2,1,0.1
1NgbX9h8PauV62Gd4ZnaD4VRAVFVmU9YnZ,1,0.1
14WN4DgG2aqvp965p5Cn1rUn6RFFwuh47t,1,0.1
13hDA3WtC9apWWigHVgFtTLpyWtHkrtqcQ,1,0.1
19LBWUZXkND7uqSDXv665iJ1CXgbPrvhAq,1,0.1
14Ljomug53r8FTKemxSEMkPZjgfNEkWMdd,1,0.1
18K1HiLRyapX4L2x1ZzR2c2Z94RLVaMLK,1,0.1
17zfr42mydTsP9VuLFTDZDzFXkgAFgTQ6v,1,0.1
1D3LUFbG3UCVzdVEjoyoNY2TcEraMW7PeS,1,0.1
18FEqFZivTReA9wNdBjHkVWcbmSTby6UZY,1,0.1
1FMNjno5a5bhAwGSgPfm8hsMQFb1oxT6ca,1,0.1
1CfPxMLaANhiQAp5UskYNb3ACRswhV5HYL,1,0.1
127h7cHYGzXeoQC8mvcanFXMKqcCJoKLqD,1,0.1
1GZBduvDxBwxC6SSYs7mTof7GcSm347HKR,1,0.1
1Aji38GTCetKjY6atVuBkoMModg32YWqUS,1,0.1
1NtzZu3x9VgBbXoPYYWQHkQ12JWNsW6LZU,1,0.1
14DdAUBuqdJdwPsRiGjJK5bQjnEvwfR6Zv,1,0.1
19i7vyDf11QUGp6hcbbqj7hKaj7PbVbnFi,1,0.1
18HbqyFaFAWhY65qfbo92VUtPN4LvhuqUG,1,0.1
1JQdVfjiJ8N5hpuvoy4Hxm3Zg96H9TQWS4,1,0.1
16x9xnP2fDSN7h61XNLQVEmw2txp2mDZSe,1,0.1
186SHhnvwXB8VwQfxArpLmWZ9czRiCYqnP,1,0.1
1GuchBRNHKf6pdVZPzGQdH8EVcAztH9Cvv,1,0.1
1CB4fendZ4hv89Fpc4ULfu8Dj5DKHoNfDv,1,0.1
1L3efj5vaBo6Rus8j2947ADyYwrRWUZQtC,1,0.1
1447QgUUBNfZ94xnQ2DcaTudknA6q97ToZ,1,0.1
1697AEC4cqnUU9jpT3bCdeZ3ya88s8jnFh,1,0.1
16R6uuTdJnXXLjxBQFVziZZPVZnTi3Gpao,1,0.1
1M7tRA7npNtBey7VHrYr6uvoa2dB9TQuBV,1,0.1
17PAdBABAQXHNRb9N4QrukW3Bq14AEVzeB,1,0.1
1Mut8ZkTFuGgLXLP9acifWuPSAR7Tq6UfC,1,0.1
1KnKmT8wvXLhLW5uaqqu51TydfF4ZgC1MZ,1,0.1
1MdyEkpYKW55MdJUcvkESQwp1p2XJZbSmG,1,0.1
13B5DHnqn55Dfkqpqhf8DZx19JD7Z4zTWA,1,0.1
1FyupPwMLfCJibuKvNPZ5r6abbaZNNQ8gD,1,0.1
1GikZ6KdETfcs2Z1uhXCLrPfawokpRuj2m,1,0.1
12a1JKRmNDA67SCTGYCmg2NrUBB6LuzptV,1,0.1
1CLUj99puXXL7oyWxEHfUyiCAuoWxjHdWG,1,0.1
1HLpjVDZRqHwrkG9n8zHyFAi3aBsYxzBKf,1,0.1
1DxL4Q9C7YMyW1342hb9j98AmvhvwmeDZL,1,0.1
1MMuHykDQjoJ44oNGS4ACrY7z88ojsYHTm,1,0.1
1Cgsnuk7M6XzX2NytwaPGYB4S4CySo7hi,1,0.1
15CSxzLueB1FwA96XaebQ8N6PB5GRkzzeG,1,0.1
1N3s9edYGEqFoFR1QpUvjK1YJCXeVzg4c4,1,0.1
18hwGW8XWRzqehWiAHWXj7bgadtKVWVXeS,1,0.1
16j1Dcff41S8FH6mBzJPkTLwwAJTWhuRs5,1,0.1
1GJmzymuJLmeqzhgbky91286GRhKZQFVYb,1,0.1
1BGz2hetwsQSR1GtqjShPvbj8fGt783RXS,1,0.1
1G32DPEMWTGgyg1VxLUx7M9XfhFRekmP9j,1,0.1
1NtCYUJrZfuJQD3G7gZWRiPC1b1CS521Pz,1,0.1
17D4t6J48DyAURdFagxtnpZZwAJsvJiQve,1,0.1
17KErEXdmP9pJGpN3bmYVzakWbZzVLsb4o,1,0.1
1B939jbcHG4zF5RjXHhwMRyK2T7v3wvbaM,1,0.1
1EVudqxiLpck7zeK5KG9sxNxwX19eGhBwr,1,0.1
14ddDJDjCuHF3tJt1Bjbb88QjWeimy4wpa,1,0.1
1LGy6R59QR7e6cpYvZFL2bjLcAEHzENCsy,1,0.1
1EL3saGjrnh75YtMZb1h8p4TPME4UTPXTf,1,0.1
19PNDbpgKTAbvaV3TNs1HZinR29YZ4bSpN,1,0.1
16u61q5ariVQAkzYt47xGeVzoTYmpG4ydP,1,0.1
1Lv4pFLEfoBd25eDinzzny7QF4q5LLXo6v,1,0.1
1JR1aVdjdUpCNpuiAjroARNTbGzWpDsqwL,1,0.1
1Mp8uGioHCeoBvRYFDvosZwNaMgC7QTqo4,1,0.1
1DShP9Zpe1NgbKjVuwCbV5vWCkX8g6FG36,1,0.1
12aA37esMkBjNdt7u29vuEBVjfZn4qVt64,1,0.1
1BUFpK1dX5UgBoRc8pz92rccZuwd6xTajc,1,0.1
1Gni8hxoYmjCMnqh8dM89Uuax4mT1r7S7s,1,0.1
18E9jDWkJwCnZaiFY3CkU1m4mXiDvbEiTh,1,0.1
1F1BaHKKQVWT7VtMLsQaLzDyPzuNuwQv51,1,0.1
13ZRJjHFH6hfeHMmcEcQk2U6ySr6zkBTRu,1,0.1
1BYfw3mH8x8c9GyTVdsTaXq8o2VYmj5Tp1,1,0.1
19toHiVryozWKPQyc1anqeHs3xUhbCoPZu,1,0.1
15arpUhLsTrae2wmnrqGkW5nALPPhTMXYi,1,0.1
1HDhcyfUftgAcpdNFxzXz9tVMxzgizrKtU,1,0.1
1MZByiZjf9RGRB2NQCpwceTDq9HT1waYM8,1,0.1
1C36zj19uSaiCfbqcDtJf9FiKnrjEWyLvx,1,0.1
1DpgMmeKWtrcTtCapAzakwoMCUSF8jAu7v,1,0.1
1DRAuo7u2ykYrPUAZYEuRLfALmptgVChHA,1,0.1
1F77uwQpKjVv8rKwZY5ZPtE8mxppDkfMEi,1,0.1
1CdKqtBuLteBBK1f1hMFhjzW8RbrEp2u4r,1,0.1
16mRjvV7zRiKFWYvXnmaqCFVAAvbxSyAPK,1,0.1
16hEtAQLieBVd7LibcHUaJjWuNWv7gapho,1,0.1
1GZeRqEau1eqPrMufzv3qricvXn9aicKzs,1,0.1
18dhyTn9X1bEdyczjwr7RGm535WiLf7WhX,1,0.1
1GyxaoUHoMurtmr6jDnJHwaVEHupvdhPa1,1,0.1
141dgweYSLpmyT6WHpypyqG5uY38moZ2GV,1,0.1
1DWymHnJbvv2U4DXyht5kd8aiRQ1hA3nnr,1,0.1
1GsoSbguDtWti97RGfMgdwsJozyYHB2LVT,1,0.1
17UyyUbXXoAkwkTE9gkogFCjD7JvRfJFUe,1,0.1
15gUAVqYxPJwshFoCr7RvY9wJ5DE7AEXHY,1,0.1
1BiXoBr7aFkCs2pJtHFRATSk6N2YWrKJks,1,0.1
1PuPL7KNyeZtMFjm53994i42nnWo6eZfeR,1,0.1
1J7VwmxytAoFWgWD6oiFtxJ3wBp4GjD3Y4,1,0.1
1Q1nqhcHV5SkErqwz4hQtr2t8bQtz6Yqzu,1,0.1
14K6CqHmfwKUwvzi6ME8w7kubudaJFMHBU,1,0.1
1CqacUu3Ctjwo8mAGVCgUktwCZ43hBPxoo,1,0.1
1EQcQyEYJJ9QupSpiQroyxjatyjx9mokJi,1,0.1
15QfZ5fAp76dNsU2MDDmWZaBBmoHjFZhEi,1,0.1
184HjjtrZctNGe8Z1wGTSRkQMGRNSiKE71,1,0.1
1DBGodsL4FxCQNF1E8CAHxvSUrDE2vaXN2,1,0.1
15TCSe2WAJq9bDagAxMqaZM2YLzp2g37z9,1,0.1
13vGn6k2gQr4jpRSmWqUQ6Xw9KKeUn5uEc,1,0.1
17GYkZVLza3RBJXc6uZ87icxM3zAda296t,1,0.1
16Athk2zetC3zJZbey5AvLR5QfatZ6BVYX,1,0.1
15sNF72XPqpgXornk6hzxqABUWMzdLp9df,1,0.1
1MzjRqpxd19K97tFDtY2UMUTZNvUEg74j8,1,0.1
1LNWkwKYoQBxo1henMiJzDFygBMYNoAmMG,1,0.1
1M3A3MnET3GD4ZNYykWhxhS4PFJheSVevb,1,0.1
1NzAFkJykuqSebrWZXn8tpx6nsQ73uB1VD,1,0.1
16Vyz2JBFipebZJfX4q3sLT5FFuvMuxHmF,1,0.1
1BbRbRrwvepoUeAeBX5mQjrzSyiwTqCaiK,1,0.1
1EPbjGvMUydu9aTHgvsmR3mFMouNAxmqj8,1,0.1
1Dwk8HzqVwyECJv5vS5QAmULf53DQJTgjQ,1,0.1
17KiFZqULYVv6QPTwR1Z8bx8yq9G5ceArV,1,0.1
1FphMDgmTEgREqxZX2nw7Trt1c1VEjBVRs,1,0.1
1EA9o2ibDq4HgDtn4NuYygCCLWfftRnPmq,1,0.1
15GzXYmauHjNarx4ifYzyJF2vmV2ygZ5cf,1,0.1
1Evgw53UuRbp9YYXsH9FkvPEctdeYvZ2ZJ,1,0.1
156Y5nWqmdVCBHT6a6AHmyLiyvDe1W77gg,1,0.1
17G11bwefqPryBKdGUd5xVxKLJ1DDaJGhm,1,0.1
1LTxfpwaAMvhTLBiPeV8sYLMjRtZcJorWd,1,0.1
16TA72ZFzQTorf7HAYpQbrds18uF5q8oPP,1,0.1
16g7Ew6sAxVZsBNenXY68BGLYkLRMMR9cJ,1,0.1
16iAt7zXLwU3q4bPQsSq1y8tqocUSzjNmB,1,0.1
17edwu5P3bJMryagTpsysQBYQFAy7TbARy,1,0.1
1Ly5ZPJ84hr5wLQsBQk6jb7JSQzkkkCNxB,1,0.1
1DPDqF1BH2P9eRctCwfYctKSWqhuteP5Fe,1,0.1
19YDQpkNTZWRQczp3PKHujt9BuHV9nHzga,1,0.1
1KVcRUULNopQ8htJP9zXyVKuSeUVU5sxHf,1,0.1
1NeWe9NbZiW4nCKE5TgoA1Z5uRBctnGUjz,1,0.1
1Es5gUGwm8vqPXDG6ndbZM3j6LdQwWrMvr,1,0.1
16ZnzBa6jBr4FMy5VeVoVYWHxVnGn5Quq6,1,0.1
15G3hdFRVxVdyaYQrD6Tv8WJVgMYtEosqh,1,0.1
1Mmhh9UeuxGLET7fs7vLaE66XncMv9JsUx,1,0.1
1Gja1C9fXzi4iRy1S8YraCzZ1Ht2wX6Kg5,1,0.1
1NXJivhwtTtp211H7sj71jX1qUx7tipMcn,1,0.1
1Ba5S6scEXuVtZX2gfruWLkXp9HVvtE6vN,1,0.1
1BJDBq28gRv1w7V8D7DYRUXxy37ZfT3QPY,1,0.1
1Lviw1EnUKUCBxXB5XcPeq9tbDVXkspNYD,1,0.1
14uf6qxkRJVMrUm6AnSma16MkpPLFBq88u,1,0.1
1Cv4pUKJwiDfVR4GNCr6FesLBkDATWLtbj,1,0.1
1FGTUsjRuhjF1PZWZeXcnRLpZwxtu6iVWx,1,0.1
1Nd21DbFQMUzdmaB5CyTdQ3sWqjxiLffbQ,1,0.1
1LQhZWJqZGGQJNcMRUgEB38JpjJdGEuGgp,1,0.1
1JTPgNyKLmBJp3ExrSCKdncarTEqnVtVjx,1,0.1
1AjCobdftchhkagCEBRpsiPU7N7VGUfywe,1,0.1
1AB3XkMpmy8vmBS157F1PRZ15MhNeBsstN,1,0.1
1FoGcZhaCsZynKg2LnsU3HzbiXgKem7ion,1,0.1
1KnMexTbjHTW6JzMueyackXAZ8s6zrnz1G,1,0.1
1MaAXfrjTfhKeAHNpc7gkNPBqLauLbqudT,1,0.1
1AiLJcCUccmfHKrf6ZBjNdmExaHsiryUof,1,0.1
17VXts1J5RxvbJBQhYv2HpS73CjYUGwQFr,1,0.1
16P421cvbkZJsmV3QVTeUF724XMsF57Nxo,1,0.1
14W5Lege1KxPzmPr4Eum1nf1tabW5aojD8,1,0.1
1EakrsH7aK1Zxjo5fVG1Uoh5B9KD37vSrg,1,0.1
1G1R4re8armuRQbnYSezN3qZ6pwP6rqoc1,1,0.1
1HTnTP79MzLHFh4QcXLU9824te5QXyh6cn,1,0.1
1Am4UXDtZ66fxeNAE8BJbPJo6o6Go8BWW4,1,0.1
1J7CT25NSX9NuGHnQJrvjYTUEGHym1XRSs,1,0.1
1PbcwNcCTQz5FzkQST8MnZzJD3uhKRiiNJ,1,0.1
12Sepn7CNdDD2v5obh6WL3JZH1D9EeQbAV,1,0.1
15Xmd4bg1KFx5SwctgpxaCVrJXBs6Dfwnr,1,0.1
1HJG2P1FLidttL61UJ8gsHHaEfGoYK1Dty,1,0.1
1CF6fXKSGPRxhZx841McnM8HxEATZMo3Ft,1,0.1
16Tj734qNUm322Ad72aWg9uCUqGRdFopfn,1,0.1
1N34noWhMHF5LAAH9wAdncgQtYtfLka9CY,1,0.1
1CupyBwRJiiybukLFSZ8Y2AGu88hpX3j8N,1,0.1
1GoEhXB7YdjrJMqfy4hWzb8UoopNH8QfVd,1,0.1
1PrfGKFbAM46YkP2EivAVsooV8Szb5dQqT,1,0.1
1EoStTvJaLkvMYZgZtysX4J7cpgC6Aj4h6,1,0.1
1LGeZiCdXn2UN5UwVBjUiCHWb2iMdts82Q,1,0.1
169iFmL4ptydSsYseVoL55ZiNgdhHm5kBN,1,0.1
1KA1nRhK8vQb7yXhFqjQiQPkjweNHa4QKn,1,0.1
12MfZDGgnve1nV2XxhgA23mSZupn8wgrYU,1,0.1
1GrbHFo56e2busvseJgfAjj6mAMLVeX16K,1,0.1
1H7cpwVV7oXMg1URTSEtP5ufgu5Znt3Hah,1,0.1
1LaXEqix6m19YWu1fNSh8Qf2QPRLxeHtGH,1,0.1
1DaPExqZua5cheV3MQDn1oRofKjoPULK9t,1,0.1
1DRbg7W5VFXiHPBteb8QxqjtYwh3mRTs7P,1,0.1
19Am7mtTi3nnKFR5AAhkHJX9muNTgfSTrC,1,0.1
1LbQdV7dyTuMmjQKvN1ZCMBwkhNeDqC5ja,1,0.1
1Pu54aqBo73ehH1vtu7jTvPZxNzvVdJTKM,1,0.1
1HyaTDQYEitSy5EKhbrteMA27jw35SrryM,1,0.1
16RsHkfS3me5XB2HC1BHcEz4bU5thMR5MJ,1,0.1
19qZDfDF5h7MuSCq5KvpnbbihkfSxQrKt7,1,0.1
1Gg5dK2HKQywGxB36wNME5fEU5x8y2SQd7,1,0.1
1PEYDtp5AaNT9bLh2z2AWP79nY2NNjtpJj,1,0.1
1BmTBfJXS4wupt2fk1famH3NrwKggYNjRm,1,0.1
1GPCzD7GrMPuWSW5C8zq95tQLUR38qTnvL,1,0.1
1AxubCkzp5gM7k2zE9XdPuhyknXFz4daFS,1,0.1
14JGBme6cycXVuYHrfSsfAJbey5wfYukAv,1,0.1
1JJx1ze7VKuxmUCefzLmUmB9V9mS79XKk7,1,0.1
13HtUYfxGrB8JHipbZxRVHdLb6ERBzpBfH,1,0.1
18V2pSaz2YC5VCiSKRAt89aSfeQKTF5jbt,1,0.1
1BTVt4fwqEpQHN8WgFbHhhLfTDTDcyLtBc,1,0.1
1CCQhUseVhtMN3zgWrkiMLgnx5U3FcsHQQ,1,0.1
143dgDmjdK9drV3VkND1VANsixpvKs7PiP,1,0.1
1DV7mYT9TNpFinubJNXu5RUgFJmA9ajcYc,1,0.1
1JXfWGfzBvsTzHTpgUnCrntWV9HsD6Xgua,1,0.1
1BTtVL8LLZ81KUShnErAAe1cNnaeXuwG3P,1,0.1
1ExkM77eadKX8tHoZkVYu1pizCjDxvgdsw,1,0.1
1PrtLS22v7H73t4KKhH2hiWcxDFK2XdZiH,1,0.1
1BgXbyqYqvBnvFtMfZrkVWxwRLKVY99vMC,1,0.1
1NjftgkKjVMfUJgM9YtyEyDRYivQVdVZJK,1,0.1
1TN9GMw1cmZx5JJiNB4n1koo7tFFQYxJC,1,0.1
1CbFHg9LQxW7aWmaDv15hyQmNCFz2f81ae,1,0.1
1MfDWLRBpYEZUW2Acp7gvEcp3c7FtdrTSp,1,0.1
1JorcLojfHpVWq7kUGkUH3U8A2LPzcFu4L,1,0.1
1M23qRoMHsAfVd8cyb7bPqUR9fe3xH7nTT,1,0.1
1G3g48v3tRwjxtj6YFtQVHgU5CAmR3Eh71,1,0.1
1MQHZaxEdTwCEaw8rUFWTiVzY9bAfFmYwr,1,0.1
1HCttwWeVMxyDwP5nEC36YpkV9SpJeHyrq,1,0.1
1LbzX2s9tiW8nvvNKAYFx3pUAZjD8wUU97,1,0.1
1ExL5LtGvPJ8Nv6uh5zACz9Dv851RgVG1m,1,0.1
1CDoDbE9SdoAGwWMRSaQfMLfcKwaqjVKTB,1,0.1
1DsCHW8pxQGyLjv14LcciHkASo9j1yDimc,1,0.1
19zUjJjEgmqtsgC2RzHe2i9sMuVZbuXQ1h,1,0.1
1238CYMMXYsKZBDU8su6u1qKoMACtaedQ1,1,0.1
1N68qAtqpUDsL77uQacHkXu1yMBSuFoJTS,1,0.1
18ZdbrhThxpwP5VsJepVPxKJrmdWoWg8Uh,1,0.1
1E91TsfDWFUgmEqTRaS9WbZVZJuca2FQUp,1,0.1
1A3b4bvAsh628NeQFrh5WXMBfiZCGpHAV3,1,0.1
1BNMDSwaeWjQttrz32nEJqg26h7ru2dVZN,1,0.1
1DXd5XhL5rywbcs7khLW5T1nUbuHnD1Qqz,1,0.1
1JoiKZz2QRd47ARtcYgvgxC9jhnre9aphv,1,0.1
